{"stats":{"minecraft:used":{"minecraft:egg":44},"minecraft:custom":{"minecraft:jump":196,"minecraft:open_chest":14,"minecraft:time_since_rest":28735,"minecraft:crouch_one_cm":704,"minecraft:sprint_one_cm":18247,"minecraft:leave_game":2,"minecraft:play_time":28735,"minecraft:walk_on_water_one_cm":373,"minecraft:time_since_death":28735,"minecraft:walk_one_cm":31295,"minecraft:sneak_time":867,"minecraft:climb_one_cm":500,"minecraft:total_world_time":28735,"minecraft:fall_one_cm":209,"minecraft:fly_one_cm":355663,"minecraft:open_barrel":4},"minecraft:picked_up":{"minecraft:egg":1}},"DataVersion":3465}