{"stats":{"minecraft:custom":{"minecraft:interact_with_crafting_table":51,"minecraft:open_barrel":31,"minecraft:bell_ring":4,"minecraft:eat_cake_slice":2,"minecraft:leave_game":21,"minecraft:time_since_death":49584,"minecraft:sprint_one_cm":526434,"minecraft:damage_blocked_by_shield":2685,"minecraft:drop":41,"minecraft:talked_to_villager":2,"minecraft:play_time":343090,"minecraft:deaths":11,"minecraft:jump":4762,"minecraft:walk_on_water_one_cm":55318,"minecraft:interact_with_furnace":20,"minecraft:play_record":2,"minecraft:sleep_in_bed":15,"minecraft:open_enderchest":15,"minecraft:damage_dealt":26880,"minecraft:player_kills":3,"minecraft:crouch_one_cm":45363,"tombstone:undead_killed":57,"tombstone:villager_killed":3,"minecraft:mob_kills":156,"minecraft:interact_with_anvil":4,"minecraft:damage_dealt_resisted":428,"minecraft:climb_one_cm":21076,"minecraft:walk_one_cm":558208,"minecraft:sneak_time":16349,"minecraft:walk_under_water_one_cm":66321,"minecraft:boat_one_cm":40,"minecraft:total_world_time":343090,"tombstone:raider_killed":31,"minecraft:time_since_rest":10370,"minecraft:damage_taken":11734,"minecraft:trigger_trapped_chest":9,"tombstone:cast_on_ally":2,"minecraft:swim_one_cm":71145,"minecraft:fly_one_cm":1426904,"minecraft:open_chest":90,"minecraft:fall_one_cm":115067},"minecraft:crafted":{"epicpaladins:arclight_sword":1,"minecraft:dark_oak_boat":2,"aether:golden_gloves":1,"paraglider:deku_leaf":1,"minecraft:cooked_mutton":8,"iceandfire:armor_copper_metal_boots":1,"minecraft:iron_boots":1,"minecraft:emerald":18,"minecraft:crafting_table":6,"minecraft:spruce_planks":36,"minecraft:wooden_pickaxe":1,"minecraft:spruce_door":3,"minecraft:copper_ingot":8,"minecraft:iron_chestplate":2,"minecraft:shield":4,"minecraft:stick":48,"minecraft:iron_ingot":21,"minecraft:iron_pickaxe":1,"minecraft:stone_sword":2,"minecraft:gold_ingot":161,"minecraft:shears":1,"minecraft:stone_shovel":1,"iceandfire:deathworm_white_leggings":1,"comforts:sleeping_bag_white":1,"minecraft:furnace":2,"minecraft:bone_meal":9,"minecraft:iron_axe":2,"minecraft:stone_pickaxe":1,"backpacked:backpack":1,"minecraft:dark_oak_planks":64,"minecraft:wheat":270,"minecraft:cooked_beef":10,"paraglider:paraglider":2,"minecraft:iron_sword":3,"minecraft:bucket":1,"minecraft:stone_axe":1,"minecraft:bread":90,"minecraft:air":0,"minecraft:iron_leggings":1,"minecraft:white_bed":2,"minecraft:torch":56},"minecraft:dropped":{"minecraft:iron_sword":1,"minecraft:moss_block":3,"minecraft:diamond":4,"minecraft:lantern":1,"paraglider:spirit_orb":1,"paraglider:paraglider":1,"minecraft:sugar_cane":5,"minecraft:rotten_flesh":5,"minecraft:oak_planks":2,"minecraft:rabbit_hide":3,"minecraft:dune_armor_trim_smithing_template":6,"minecraft:oak_wood":12,"minecraft:arrow":7,"minecraft:brown_concrete":3,"minecraft:wheat_seeds":5,"minecraft:cobblestone":24,"minecraft:spruce_door":3,"iceandfire:deathworm_chitin_red":8,"minecraft:torch":1,"minecraft:rose_bush":2,"minecraft:string":13,"minecraft:moss_carpet":2,"minecraft:green_terracotta":1,"minecraft:green_bed":1,"minecraft:shield":2,"minecraft:spruce_trapdoor":1},"minecraft:used":{"minecraft:moss_block":2,"minecraft:iron_shovel":5,"minecraft:chest":1,"minecraft:shield":34,"minecraft:iron_sword":307,"minecraft:quartz_stairs":1,"tombstone:scroll_of_purification":1,"minecraft:chiseled_red_sandstone":1,"paraglider:goddess_statue":1,"artifacts:umbrella":8,"minecraft:carrot":10,"epicpaladins:arclight_sword":87,"minecraft:iron_helmet":1,"minecraft:dark_oak_boat":3,"minecraft:sweet_berries":32,"minecraft:furnace":2,"minecraft:beetroot_seeds":2,"minecraft:egg":44,"minecraft:spruce_door":5,"minecraft:stone_pickaxe":107,"minecraft:leather_chestplate":1,"minecraft:wooden_pickaxe":4,"minecraft:sandstone":26,"minecraft:blue_bed":2,"minecraft:crossbow":1,"minecraft:shears":1,"minecraft:bread":134,"minecraft:melon_slice":15,"minecraft:lilac":1,"sons_of_sins:flesh_of_demise":1,"epicpaladins:angel_sword":42,"minecraft:experience_bottle":2,"minecraft:stone_sword":53,"minecraft:stone_shovel":2,"minecraft:cooked_salmon":2,"minecraft:torch":29,"iceandfire:armor_copper_metal_boots":1,"minecraft:dirt":2,"minecraft:dark_oak_planks":3,"minecraft:chipped_anvil":2,"minecraft:iron_axe":130,"minecraft:smooth_sandstone":1,"minecraft:iron_boots":1,"minecraft:goat_horn":4,"tombstone:gift":8,"comforts:sleeping_bag_white":5,"minecraft:cooked_beef":10,"minecraft:cooked_mutton":8,"minecraft:water_bucket":53,"farmersdelight:golden_knife":1,"minecraft:leather_boots":1,"minecraft:crafting_table":23,"minecraft:red_bed":8,"minecraft:white_bed":4,"minecraft:music_disc_strad":2,"minecraft:iron_pickaxe":411,"minecraft:spruce_sapling":2,"minecraft:stone_axe":37,"minecraft:cobblestone":30,"minecraft:bucket":54,"minecraft:smooth_stone":1,"minecraft:jukebox":1,"minecraft:splash_potion":4,"minecraft:chainmail_leggings":1},"minecraft:killed":{"minecraft:cave_spider":12,"minecraft:spider":8,"minecraft:skeleton":14,"minecraft:illusioner":1,"minecraft:zombie_villager":1,"minecraft:creeper":2,"minecraft:sheep":4,"minecraft:pillager":23,"minecraft:zombie":37,"minecraft:cow":11,"minecraft:vindicator":7,"minecraft:drowned":2,"iceandfire:deathworm":5,"minecraft:husk":1,"minecraft:rabbit":16,"sons_of_sins:betrayed_guzzler":1,"iceandfire:ghost":2,"minecraft:villager":3},"minecraft:picked_up":{"minecraft:music_disc_strad":2,"minecraft:iron_chestplate":1,"minecraft:wither_rose":2,"minecraft:enchanted_book":1,"minecraft:brewing_stand":2,"minecraft:amethyst_block":3,"iceandfire:manuscript":8,"paraglider:goddess_statue":5,"minecraft:string":111,"minecraft:raw_copper":72,"minecraft:iron_leggings":2,"minecraft:sea_pickle":2,"minecraft:smooth_stone":22,"minecraft:gold_nugget":1210,"comforts:sleeping_bag_white":5,"minecraft:rose_bush":2,"minecraft:calcite":16,"minecraft:azalea":1,"minecraft:azalea_leaves":1,"minecraft:coal_block":57,"minecraft:melon_slice":79,"farmersdelight:cabbage_seeds":4,"minecraft:furnace":2,"minecraft:jukebox":1,"epicpaladins:arclight_gem":2,"minecraft:brown_terracotta":1,"minecraft:torch":8,"minecraft:green_bed":1,"minecraft:spruce_stairs":2,"tombstone:grave_dust":9,"minecraft:green_terracotta":1,"minecraft:stone_sword":2,"minecraft:rotten_flesh":80,"iceandfire:deathworm_chitin_yellow":4,"minecraft:iron_block":2,"farmersdelight:rope":9,"supplementaries:ash":4,"endrem:rogue_eye":1,"minecraft:obsidian":1,"minecraft:cobblestone":175,"minecraft:dune_armor_trim_smithing_template":2,"minecraft:lilac":2,"minecraft:repeater":1,"minecraft:brown_wool":1,"minecraft:dark_oak_boat":2,"minecraft:smoker":4,"minecraft:potato":29,"paraglider:spirit_orb":7,"minecraft:dirt":4,"minecraft:lantern":1,"minecraft:leather_boots":1,"minecraft:bone":68,"minecraft:chipped_anvil":3,"minecraft:gray_terracotta":6,"minecraft:wheat_seeds":10,"minecraft:rabbit":16,"minecraft:moss_block":5,"minecraft:oak_planks":2,"iceandfire:dragon_skull_fire":3,"minecraft:sand":6,"minecraft:chiseled_sandstone":4,"minecraft:dark_oak_log":55,"sons_of_sins:flesh_of_demise":1,"minecraft:bundle":3,"minecraft:blue_terracotta":1,"minecraft:diamond":7,"waystones:waystone":2,"minecraft:crossbow":3,"minecraft:bread":9,"minecraft:spruce_sign":1,"minecraft:emerald":15,"minecraft:chiseled_red_sandstone":1,"iceandfire:raw_silver":1,"minecraft:mud":3,"minecraft:crafting_table":18,"minecraft:nether_wart":26,"iceandfire:fire_lily":1,"minecraft:gold_block":2,"minecraft:chain":8,"minecraft:red_bed":8,"minecraft:moss_carpet":14,"minecraft:iron_axe":3,"minecraft:iron_shovel":1,"minecraft:beef":21,"minecraft:jungle_sapling":1,"minecraft:poppy":2,"minecraft:quartz_stairs":1,"minecraft:chest":24,"minecraft:sugar_cane":5,"minecraft:spruce_trapdoor":1,"minecraft:egg":1,"minecraft:dark_oak_sapling":2,"minecraft:raw_iron":19,"minecraft:sandstone":28,"iceandfire:dragonbone":16,"iceandfire:deathworm_chitin_red":8,"minecraft:music_disc_mellohi":1,"minecraft:carrot":38,"iceandfire:deathworm_chitin_white":7,"iceandfire:deathworm_egg_giant":1,"minecraft:stone_pressure_plate":2,"minecraft:tnt":12,"minecraft:arrow":45,"minecraft:beetroot_seeds":2,"minecraft:hay_block":44,"minecraft:gold_ingot":19,"paraglider:horned_statue":1,"minecraft:glow_berries":1,"minecraft:mutton":8,"minecraft:white_wool":28,"minecraft:skeleton_skull":3,"minecraft:rail":6,"minecraft:bone_block":1,"minecraft:lime_bed":1,"minecraft:cut_sandstone":16,"minecraft:leather":10,"minecraft:jungle_fence":1,"minecraft:brown_concrete":3,"minecraft:lily_pad":1,"minecraft:gunpowder":48,"minecraft:blue_bed":2,"minecraft:white_banner":1,"iceandfire:deathworm_tounge":1,"minecraft:orange_terracotta":1,"minecraft:smooth_sandstone":5,"minecraft:stone_bricks":3,"minecraft:rabbit_hide":9,"minecraft:iron_ingot":9,"minecraft:stone_pickaxe":1,"minecraft:cobweb":7,"minecraft:prismarine_brick_slab":1,"minecraft:flowering_azalea":1,"minecraft:iron_sword":1,"minecraft:book":31,"minecraft:emerald_block":2,"minecraft:smooth_basalt":3,"minecraft:sweet_berries":27,"minecraft:red_wool":1,"minecraft:gravel":5,"minecraft:amethyst_shard":24,"minecraft:spruce_sapling":2,"minecraft:white_bed":3,"minecraft:spruce_log":9,"minecraft:spider_eye":4,"minecraft:spruce_door":5,"minecraft:cut_red_sandstone":2,"minecraft:oak_wood":12,"minecraft:purple_bed":1,"minecraft:stone_axe":1,"minecraft:iron_helmet":1,"tombstone:magic_scroll":1,"minecraft:black_wool":1,"minecraft:coal":56},"minecraft:mined":{"minecraft:stone_pressure_plate":2,"minecraft:white_bed":3,"minecraft:chiseled_red_sandstone":1,"minecraft:jungle_leaves":3,"minecraft:brewing_stand":2,"minecraft:grass_block":1,"minecraft:coal_block":56,"minecraft:nether_wart":10,"minecraft:spawner":5,"minecraft:smooth_stone":22,"minecraft:iron_ore":20,"minecraft:enchanting_table":1,"iceandfire:gold_pile":115,"minecraft:flowering_azalea_leaves":1,"minecraft:azalea_leaves":1,"minecraft:iron_block":2,"minecraft:cut_sandstone":16,"minecraft:red_bed":8,"minecraft:smoker":4,"minecraft:amethyst_cluster":6,"minecraft:orange_terracotta":1,"minecraft:torch":3,"minecraft:calcite":3,"minecraft:melon":15,"minecraft:chest":24,"minecraft:dead_bush":2,"iceandfire:fire_lily":1,"minecraft:cobblestone":70,"minecraft:sugar_cane":3,"minecraft:wall_torch":4,"minecraft:amethyst_block":3,"minecraft:skeleton_skull":2,"minecraft:repeater":1,"minecraft:blue_terracotta":1,"minecraft:jungle_wood":3,"paraglider:horned_statue":1,"minecraft:lilac":2,"minecraft:tnt":12,"minecraft:wither_rose":1,"minecraft:grass":16,"minecraft:beetroots":2,"minecraft:sand":1,"minecraft:dirt":2,"minecraft:smooth_basalt":3,"minecraft:cut_red_sandstone":2,"epicpaladins:arclight_ore":2,"minecraft:emerald_block":2,"iceandfire:silver_ore":1,"minecraft:quartz_stairs":1,"minecraft:dark_oak_leaves":5,"minecraft:dark_oak_log":46,"minecraft:moss_block":3,"minecraft:sandstone":29,"minecraft:large_fern":4,"minecraft:hay_block":43,"minecraft:furnace":2,"minecraft:carrots":9,"minecraft:chiseled_sandstone":1,"minecraft:gold_block":2,"minecraft:bookshelf":9,"minecraft:potatoes":9,"minecraft:vine":2,"minecraft:stone":94,"minecraft:white_wool":29,"minecraft:podzol":1,"minecraft:red_wool":1,"minecraft:spruce_door":5,"minecraft:smooth_sandstone":5,"minecraft:crafting_table":18,"minecraft:tall_grass":5,"minecraft:copper_ore":17,"farmersdelight:wild_tomatoes":1,"minecraft:blue_bed":2,"supplementaries:urn":1,"minecraft:purple_bed":1,"minecraft:lime_bed":1,"minecraft:sweet_berry_bush":16,"minecraft:spruce_log":9,"minecraft:coal_ore":33,"minecraft:cobweb":47,"minecraft:stone_bricks":1,"minecraft:small_dripleaf":1,"minecraft:chipped_anvil":3,"minecraft:fern":9,"paraglider:goddess_statue":5},"minecraft:broken":{"aether:golden_gloves":1,"minecraft:iron_sword":1,"minecraft:leather_chestplate":1,"minecraft:shield":1,"minecraft:iron_helmet":1,"iceandfire:armor_copper_metal_boots":1}},"DataVersion":3465}