{"stats":{"minecraft:picked_up":{"minecraft:bundle":1,"minecraft:leather_boots":1,"minecraft:lilac":2,"minecraft:arrow":4,"minecraft:bone":5,"minecraft:rotten_flesh":10,"minecraft:wheat_seeds":1,"tombstone:grave_dust":4,"tombstone:magic_scroll":1,"minecraft:egg":1},"minecraft:killed":{"minecraft:skeleton":6,"minecraft:zombie":12},"minecraft:mined":{"minecraft:grass":1,"minecraft:lilac":2},"minecraft:custom":{"minecraft:open_barrel":4,"minecraft:open_chest":14,"minecraft:time_since_rest":72996,"minecraft:play_time":72996,"minecraft:crouch_one_cm":2064,"minecraft:walk_one_cm":49485,"minecraft:sprint_one_cm":34654,"tombstone:undead_killed":18,"minecraft:sneak_time":1366,"minecraft:mob_kills":18,"minecraft:jump":377,"minecraft:damage_dealt":4498,"minecraft:leave_game":8,"minecraft:time_since_death":72996,"minecraft:walk_on_water_one_cm":524,"minecraft:total_world_time":72996,"minecraft:climb_one_cm":500,"minecraft:fall_one_cm":5367,"minecraft:fly_one_cm":570729,"minecraft:damage_taken":80},"minecraft:used":{"minecraft:bread":2,"minecraft:egg":44,"epicpaladins:angel_sword":42,"minecraft:lilac":1}},"DataVersion":3465}