{"stats":{"minecraft:picked_up":{"minecraft:lilac":2,"minecraft:bundle":1,"minecraft:leather_boots":1,"minecraft:arrow":4,"minecraft:bone":5,"minecraft:rotten_flesh":10,"minecraft:wheat_seeds":1,"tombstone:grave_dust":4,"tombstone:magic_scroll":1,"minecraft:egg":1},"minecraft:killed":{"minecraft:skeleton":6,"minecraft:zombie":12},"minecraft:mined":{"minecraft:lilac":2,"minecraft:grass":1},"minecraft:custom":{"minecraft:open_barrel":4,"minecraft:time_since_rest":62500,"minecraft:open_chest":14,"minecraft:damage_taken":80,"minecraft:crouch_one_cm":2009,"minecraft:sprint_one_cm":28900,"minecraft:play_time":62500,"tombstone:undead_killed":18,"minecraft:walk_one_cm":42456,"minecraft:sneak_time":1222,"minecraft:mob_kills":18,"minecraft:jump":328,"minecraft:damage_dealt":4498,"minecraft:leave_game":7,"minecraft:time_since_death":62500,"minecraft:walk_on_water_one_cm":373,"minecraft:climb_one_cm":500,"minecraft:total_world_time":62500,"minecraft:fall_one_cm":5100,"minecraft:fly_one_cm":429589},"minecraft:used":{"minecraft:egg":44,"epicpaladins:angel_sword":42,"minecraft:lilac":1}},"DataVersion":3465}