{"stats":{"minecraft:used":{"minecraft:egg":44,"epicpaladins:angel_sword":42},"minecraft:custom":{"minecraft:open_barrel":4,"minecraft:time_since_rest":49011,"minecraft:open_chest":14,"minecraft:crouch_one_cm":780,"minecraft:sprint_one_cm":23152,"minecraft:play_time":49011,"tombstone:undead_killed":18,"minecraft:walk_one_cm":40062,"minecraft:sneak_time":986,"minecraft:mob_kills":18,"minecraft:jump":261,"minecraft:damage_dealt":4498,"minecraft:leave_game":4,"minecraft:time_since_death":49011,"minecraft:walk_on_water_one_cm":373,"minecraft:climb_one_cm":500,"minecraft:total_world_time":49011,"minecraft:fall_one_cm":209,"minecraft:fly_one_cm":414059},"minecraft:killed":{"minecraft:skeleton":6,"minecraft:zombie":12},"minecraft:picked_up":{"minecraft:bundle":1,"minecraft:leather_boots":1,"minecraft:arrow":4,"minecraft:bone":5,"minecraft:rotten_flesh":10,"tombstone:grave_dust":4,"tombstone:magic_scroll":1,"minecraft:egg":1}},"DataVersion":3465}