{"stats":{"minecraft:custom":{"minecraft:interact_with_crafting_table":62,"minecraft:open_barrel":74,"minecraft:bell_ring":4,"minecraft:eat_cake_slice":2,"minecraft:leave_game":23,"minecraft:time_since_death":0,"minecraft:sprint_one_cm":645892,"minecraft:damage_blocked_by_shield":5303,"minecraft:drop":50,"minecraft:talked_to_villager":7,"minecraft:play_time":448178,"minecraft:deaths":32,"minecraft:jump":6418,"minecraft:walk_on_water_one_cm":127869,"minecraft:interact_with_furnace":20,"minecraft:play_record":2,"minecraft:sleep_in_bed":26,"minecraft:waystone_activated":2,"minecraft:open_enderchest":15,"minecraft:damage_dealt":35718,"minecraft:player_kills":3,"minecraft:crouch_one_cm":51185,"tombstone:undead_killed":72,"tombstone:villager_killed":3,"minecraft:interact_with_smoker":5,"minecraft:inspect_dispenser":1,"minecraft:mob_kills":184,"minecraft:interact_with_anvil":5,"minecraft:damage_dealt_resisted":1017,"minecraft:climb_one_cm":25106,"minecraft:walk_one_cm":701052,"minecraft:sneak_time":19697,"minecraft:walk_under_water_one_cm":274084,"minecraft:boat_one_cm":40,"minecraft:total_world_time":448178,"tombstone:raider_killed":31,"minecraft:time_since_rest":9,"minecraft:damage_taken":23301,"minecraft:trigger_trapped_chest":9,"tombstone:cast_on_ally":2,"minecraft:swim_one_cm":364719,"minecraft:fly_one_cm":2264364,"minecraft:open_chest":133,"minecraft:fall_one_cm":158232},"minecraft:crafted":{"epicpaladins:arclight_sword":1,"minecraft:dark_oak_boat":2,"aether:golden_gloves":1,"paraglider:deku_leaf":1,"iceandfire:armor_copper_metal_boots":1,"minecraft:cooked_mutton":8,"minecraft:dark_oak_door":3,"minecraft:iron_boots":2,"minecraft:raw_copper":9,"minecraft:cooked_rabbit":16,"minecraft:emerald":18,"minecraft:crafting_table":8,"minecraft:spruce_planks":36,"minecraft:wooden_pickaxe":1,"minecraft:iron_helmet":1,"minecraft:spruce_door":3,"minecraft:copper_ingot":8,"ecologics:sandcastle":1,"minecraft:iron_chestplate":3,"minecraft:shield":5,"minecraft:stick":48,"minecraft:iron_ingot":21,"minecraft:iron_pickaxe":1,"minecraft:stone_sword":2,"minecraft:gold_ingot":175,"minecraft:shears":1,"minecraft:stone_shovel":1,"iceandfire:deathworm_white_leggings":1,"comforts:sleeping_bag_white":1,"minecraft:furnace":2,"minecraft:bone_meal":9,"minecraft:iron_axe":2,"minecraft:stone_pickaxe":1,"backpacked:backpack":1,"minecraft:dark_oak_planks":80,"minecraft:wheat":270,"minecraft:cooked_beef":10,"paraglider:paraglider":2,"minecraft:iron_sword":3,"minecraft:bucket":1,"minecraft:stone_axe":1,"minecraft:bread":90,"minecraft:air":0,"minecraft:jungle_planks":4,"minecraft:iron_leggings":3,"minecraft:white_bed":2,"minecraft:torch":56},"minecraft:dropped":{"minecraft:iron_sword":1,"minecraft:moss_block":3,"minecraft:brown_mushroom":1,"minecraft:diamond":4,"minecraft:lantern":1,"paraglider:spirit_orb":1,"paraglider:paraglider":1,"minecraft:sugar_cane":5,"minecraft:rotten_flesh":7,"minecraft:oak_planks":2,"minecraft:rabbit_hide":3,"minecraft:dune_armor_trim_smithing_template":6,"minecraft:oak_wood":12,"minecraft:melon_seeds":2,"minecraft:arrow":7,"minecraft:brown_concrete":3,"minecraft:wheat_seeds":5,"minecraft:cobblestone":25,"minecraft:spruce_door":3,"iceandfire:deathworm_chitin_red":8,"farmersdelight:golden_knife":1,"minecraft:torch":1,"minecraft:rose_bush":2,"minecraft:string":13,"minecraft:moss_carpet":2,"minecraft:green_terracotta":1,"minecraft:green_bed":1,"minecraft:shield":2,"paraglider:rito_goddess_statue":4,"minecraft:spruce_trapdoor":1},"minecraft:used":{"minecraft:moss_block":2,"ecologics:sandcastle":1,"minecraft:iron_shovel":30,"minecraft:chest":1,"minecraft:shield":50,"minecraft:iron_sword":307,"tombstone:scroll_of_purification":1,"minecraft:quartz_stairs":1,"minecraft:chiseled_red_sandstone":1,"paraglider:goddess_statue":3,"artifacts:umbrella":9,"minecraft:carrot":10,"epicpaladins:arclight_sword":269,"minecraft:lava_bucket":1,"minecraft:grass_block":1,"minecraft:iron_helmet":1,"minecraft:item_frame":6,"minecraft:dark_oak_boat":4,"minecraft:hay_block":1,"minecraft:sweet_berries":32,"minecraft:furnace":2,"cataclysm:coral_spear":1,"minecraft:beetroot_seeds":2,"minecraft:acacia_fence":1,"minecraft:egg":44,"minecraft:spruce_door":5,"minecraft:stone_pickaxe":107,"minecraft:wooden_pickaxe":4,"minecraft:leather_chestplate":1,"minecraft:sandstone":26,"minecraft:blue_bed":2,"minecraft:sand":5,"minecraft:crossbow":1,"minecraft:shears":1,"minecraft:melon_slice":15,"minecraft:bread":166,"minecraft:lilac":1,"sons_of_sins:flesh_of_demise":1,"minecraft:andesite":1,"minecraft:cooked_rabbit":16,"epicpaladins:angel_sword":42,"minecraft:experience_bottle":6,"minecraft:trident":184,"minecraft:stone_sword":53,"minecraft:stone_shovel":2,"minecraft:cooked_salmon":2,"minecraft:torch":29,"iceandfire:armor_copper_metal_boots":1,"minecraft:dirt":2,"paraglider:horned_statue":1,"minecraft:dark_oak_planks":3,"minecraft:chipped_anvil":3,"minecraft:iron_axe":137,"minecraft:smooth_sandstone":1,"minecraft:iron_boots":1,"minecraft:raw_copper_block":1,"minecraft:goat_horn":4,"tombstone:gift":8,"comforts:sleeping_bag_white":12,"minecraft:cooked_beef":10,"minecraft:cooked_mutton":8,"minecraft:water_bucket":72,"farmersdelight:golden_knife":1,"minecraft:leather_boots":1,"minecraft:lime_bed":2,"minecraft:crafting_table":27,"minecraft:red_bed":8,"minecraft:white_bed":5,"minecraft:smoker":1,"minecraft:music_disc_strad":2,"minecraft:dark_oak_door":6,"minecraft:suspicious_stew":1,"minecraft:iron_pickaxe":475,"minecraft:spruce_sapling":2,"minecraft:stone_axe":37,"minecraft:cobblestone":38,"minecraft:purple_bed":2,"minecraft:bucket":74,"minecraft:splash_potion":4,"minecraft:jukebox":1,"minecraft:smooth_stone":1,"minecraft:chainmail_leggings":1},"minecraft:killed":{"minecraft:cave_spider":12,"minecraft:spider":11,"minecraft:skeleton":16,"ecologics:coconut_crab":2,"minecraft:illusioner":1,"minecraft:zombie_villager":1,"minecraft:creeper":3,"minecraft:sheep":4,"minecraft:pillager":23,"minecraft:zombie":42,"cataclysm:deepling":1,"minecraft:stray":1,"iceandfire:sea_serpent":1,"minecraft:cow":11,"minecraft:vindicator":7,"iceandfire:fire_dragon":1,"minecraft:drowned":4,"iceandfire:deathworm":5,"minecraft:husk":6,"iceandfire:cyclops":2,"minecraft:rabbit":16,"aquaculture:jellyfish":1,"sons_of_sins:betrayed_guzzler":1,"iceandfire:ghost":2,"minecraft:villager":3,"minecraft:enderman":1},"minecraft:picked_up":{"minecraft:music_disc_strad":2,"minecraft:iron_chestplate":1,"minecraft:wither_rose":2,"minecraft:enchanted_book":1,"minecraft:brewing_stand":2,"minecraft:amethyst_block":3,"iceandfire:manuscript":8,"paraglider:goddess_statue":6,"minecraft:string":111,"minecraft:raw_copper":77,"iceandfire:sea_serpent_scales_teal":5,"minecraft:iron_leggings":2,"minecraft:experience_bottle":4,"minecraft:sea_pickle":2,"minecraft:smooth_stone":22,"minecraft:gold_nugget":1300,"comforts:sleeping_bag_white":12,"minecraft:rose_bush":2,"minecraft:calcite":16,"minecraft:azalea":1,"minecraft:azalea_leaves":1,"minecraft:coal_block":57,"minecraft:melon_slice":79,"farmersdelight:cabbage_seeds":4,"ecologics:crab_claw":2,"minecraft:furnace":2,"minecraft:dark_oak_door":5,"minecraft:stick":5,"minecraft:acacia_fence":1,"minecraft:jukebox":1,"epicpaladins:arclight_gem":2,"minecraft:brown_terracotta":1,"ecologics:coconut_seedling":2,"minecraft:torch":9,"minecraft:green_bed":1,"minecraft:spruce_stairs":2,"tombstone:grave_dust":18,"minecraft:green_terracotta":1,"minecraft:stone_sword":2,"minecraft:rotten_flesh":86,"ecologics:coconut_log":3,"iceandfire:deathworm_chitin_yellow":4,"iceandfire:fire_dragon_heart":1,"minecraft:iron_block":2,"farmersdelight:rope":9,"supplementaries:ash":4,"endrem:rogue_eye":1,"minecraft:obsidian":1,"minecraft:snowball":16,"minecraft:cobblestone":183,"minecraft:pink_petals":4,"minecraft:leather_chestplate":1,"minecraft:dune_armor_trim_smithing_template":2,"minecraft:lilac":2,"minecraft:repeater":1,"minecraft:andesite":1,"minecraft:jungle_log":136,"minecraft:brown_wool":1,"minecraft:dark_oak_boat":2,"minecraft:smoker":5,"minecraft:potato":29,"paraglider:spirit_orb":13,"supplementaries:flax_seeds":4,"cataclysm:coral_spear":1,"minecraft:dirt":4,"minecraft:lantern":1,"minecraft:leather_boots":1,"minecraft:bone":68,"minecraft:chipped_anvil":4,"minecraft:gray_terracotta":6,"minecraft:wheat_seeds":11,"minecraft:rabbit":16,"minecraft:bamboo":93,"minecraft:moss_block":5,"minecraft:oak_planks":2,"aquaculture:jellyfish":1,"tombstone:scroll_of_feather_fall":1,"iceandfire:dragon_skull_fire":4,"minecraft:sand":35,"minecraft:grass_block":1,"minecraft:chiseled_sandstone":4,"minecraft:dark_oak_log":55,"sons_of_sins:flesh_of_demise":1,"minecraft:bundle":3,"minecraft:blue_terracotta":1,"minecraft:diamond":8,"waystones:waystone":2,"minecraft:crossbow":3,"minecraft:granite":3,"minecraft:bread":9,"minecraft:spruce_sign":1,"minecraft:emerald":18,"minecraft:chiseled_red_sandstone":1,"iceandfire:raw_silver":1,"minecraft:mud":3,"minecraft:crafting_table":20,"minecraft:nether_wart":26,"minecraft:brown_mushroom":1,"minecraft:turtle_helmet":1,"iceandfire:fire_lily":1,"ecologics:seashell":1,"minecraft:gold_block":2,"minecraft:chain":8,"minecraft:red_bed":8,"minecraft:moss_carpet":14,"minecraft:iron_axe":3,"minecraft:item_frame":6,"minecraft:iron_shovel":1,"paraglider:rito_goddess_statue":6,"minecraft:beef":21,"minecraft:jungle_sapling":9,"minecraft:poppy":3,"minecraft:chest":24,"minecraft:quartz_stairs":1,"minecraft:sugar_cane":5,"minecraft:spruce_trapdoor":1,"minecraft:raw_copper_block":2,"minecraft:egg":1,"minecraft:dark_oak_sapling":2,"iceandfire:dragonscales_gray":24,"minecraft:raw_iron":31,"minecraft:sandstone":49,"iceandfire:dragonbone":27,"ecologics:coconut_slice":8,"iceandfire:deathworm_chitin_red":8,"minecraft:music_disc_mellohi":1,"minecraft:trident":1,"minecraft:carrot":38,"iceandfire:deathworm_chitin_white":7,"iceandfire:deathworm_egg_giant":1,"minecraft:stone_pressure_plate":2,"minecraft:tnt":12,"iceandfire:cyclops_eye":1,"minecraft:arrow":46,"minecraft:beetroot_seeds":2,"minecraft:hay_block":46,"minecraft:gold_ingot":25,"paraglider:horned_statue":5,"minecraft:glow_berries":1,"minecraft:mutton":8,"minecraft:white_wool":28,"minecraft:skeleton_skull":3,"minecraft:rail":6,"minecraft:bone_block":1,"minecraft:lime_bed":2,"iceandfire:sea_serpent_fang":1,"minecraft:jungle_fence":1,"minecraft:cut_sandstone":16,"minecraft:leather":10,"minecraft:brown_concrete":3,"minecraft:lily_pad":1,"minecraft:gunpowder":48,"minecraft:blue_bed":2,"minecraft:white_banner":1,"minecraft:orange_terracotta":1,"iceandfire:deathworm_tounge":1,"minecraft:smooth_sandstone":5,"minecraft:stone_bricks":3,"minecraft:rabbit_hide":9,"minecraft:iron_ingot":15,"minecraft:stone_pickaxe":1,"minecraft:cobweb":7,"iceandfire:fire_dragon_flesh":2,"minecraft:prismarine_brick_slab":1,"minecraft:flowering_azalea":1,"minecraft:iron_sword":1,"minecraft:book":31,"minecraft:emerald_block":2,"minecraft:smooth_basalt":3,"minecraft:sweet_berries":27,"minecraft:red_wool":1,"minecraft:gravel":5,"minecraft:amethyst_shard":24,"minecraft:spruce_sapling":2,"minecraft:white_bed":3,"minecraft:spruce_log":9,"minecraft:spruce_door":5,"minecraft:spider_eye":4,"minecraft:cut_red_sandstone":2,"minecraft:oak_wood":12,"minecraft:purple_bed":2,"minecraft:stone_axe":1,"minecraft:iron_helmet":1,"minecraft:melon_seeds":3,"tombstone:magic_scroll":2,"iceandfire:chared_gravel":33,"minecraft:black_wool":1,"minecraft:coal":60,"minecraft:ender_pearl":1},"minecraft:mined":{"minecraft:stone_pressure_plate":2,"minecraft:white_bed":3,"paraglider:rito_goddess_statue":2,"minecraft:chiseled_red_sandstone":1,"minecraft:jungle_leaves":3,"minecraft:brewing_stand":2,"minecraft:granite":3,"minecraft:grass_block":1,"ecologics:coconut_leaves":1,"minecraft:coal_block":56,"minecraft:nether_wart":10,"minecraft:spawner":8,"minecraft:smooth_stone":22,"minecraft:tall_seagrass":1,"minecraft:iron_ore":20,"minecraft:fire":1,"minecraft:enchanting_table":1,"iceandfire:gold_pile":115,"minecraft:flowering_azalea_leaves":1,"minecraft:azalea_leaves":1,"minecraft:iron_block":2,"minecraft:cut_sandstone":16,"ecologics:pot":1,"minecraft:red_bed":8,"minecraft:smoker":5,"minecraft:amethyst_cluster":6,"minecraft:orange_terracotta":1,"minecraft:torch":3,"minecraft:calcite":3,"minecraft:melon":15,"minecraft:chest":24,"minecraft:dead_bush":2,"supplementaries:wild_flax":4,"iceandfire:fire_lily":1,"minecraft:cobblestone":74,"minecraft:sugar_cane":3,"minecraft:wall_torch":5,"minecraft:amethyst_block":3,"minecraft:skeleton_skull":2,"minecraft:repeater":1,"minecraft:blue_terracotta":1,"minecraft:jungle_wood":3,"ecologics:seashell":1,"minecraft:dark_oak_door":4,"paraglider:horned_statue":5,"minecraft:lilac":2,"minecraft:tnt":12,"minecraft:wither_rose":1,"minecraft:grass":21,"minecraft:beetroots":2,"minecraft:acacia_fence":1,"minecraft:sand":31,"minecraft:dirt":2,"minecraft:smooth_basalt":3,"minecraft:raw_copper_block":2,"minecraft:cut_red_sandstone":2,"epicpaladins:arclight_ore":2,"minecraft:emerald_block":2,"minecraft:tube_coral":2,"iceandfire:silver_ore":1,"minecraft:quartz_stairs":1,"minecraft:dark_oak_leaves":5,"minecraft:dark_oak_log":46,"minecraft:moss_block":3,"minecraft:sandstone":51,"minecraft:large_fern":4,"minecraft:hay_block":44,"minecraft:furnace":2,"minecraft:carrots":9,"minecraft:chiseled_sandstone":1,"minecraft:andesite":1,"minecraft:gold_block":2,"minecraft:bookshelf":9,"minecraft:potatoes":9,"minecraft:deepslate_iron_ore":12,"minecraft:vine":2,"minecraft:bamboo":13,"minecraft:stone":94,"minecraft:white_wool":29,"minecraft:podzol":1,"minecraft:red_wool":1,"minecraft:spruce_door":5,"minecraft:smooth_sandstone":5,"minecraft:crafting_table":20,"minecraft:tall_grass":5,"minecraft:copper_ore":18,"farmersdelight:wild_tomatoes":1,"minecraft:blue_bed":2,"supplementaries:urn":1,"minecraft:purple_bed":2,"minecraft:lime_bed":1,"minecraft:sweet_berry_bush":16,"minecraft:spruce_log":9,"minecraft:coal_ore":37,"minecraft:cobweb":48,"minecraft:stone_bricks":1,"minecraft:small_dripleaf":1,"minecraft:chipped_anvil":4,"minecraft:fern":11,"paraglider:goddess_statue":6},"minecraft:broken":{"aether:golden_gloves":1,"minecraft:iron_boots":1,"minecraft:iron_chestplate":1,"minecraft:iron_sword":1,"iceandfire:deathworm_white_leggings":1,"minecraft:leather_chestplate":1,"minecraft:shield":1,"minecraft:iron_helmet":2,"iceandfire:armor_copper_metal_boots":1}},"DataVersion":3465}