{"stats":{"minecraft:used":{"minecraft:moss_block":2,"ecologics:sandcastle":1,"minecraft:iron_shovel":30,"minecraft:chest":2,"minecraft:shield":61,"minecraft:iron_sword":307,"tombstone:scroll_of_purification":1,"minecraft:quartz_stairs":1,"tombstone:scroll_of_preservation":1,"minecraft:chiseled_red_sandstone":1,"paraglider:goddess_statue":3,"artifacts:umbrella":9,"minecraft:carrot":50,"minecraft:snowball":16,"minecraft:tuff":8,"endrem:old_eye":1,"epicpaladins:arclight_sword":440,"minecraft:lava_bucket":1,"minecraft:grass_block":1,"minecraft:iron_helmet":1,"minecraft:item_frame":6,"minecraft:bow":46,"minecraft:dark_oak_boat":4,"minecraft:hay_block":1,"minecraft:sweet_berries":32,"supplementaries:ash":1,"minecraft:beetroot_seeds":2,"minecraft:furnace":3,"cataclysm:coral_spear":1,"minecraft:acacia_fence":1,"minecraft:egg":45,"minecraft:spruce_door":5,"minecraft:stone_pickaxe":107,"minecraft:wooden_pickaxe":4,"minecraft:leather_chestplate":1,"minecraft:sandstone":26,"minecraft:blue_bed":2,"minecraft:jungle_boat":2,"minecraft:sand":5,"minecraft:crossbow":1,"minecraft:shears":1,"minecraft:melon_slice":15,"minecraft:bread":182,"minecraft:lilac":1,"sons_of_sins:flesh_of_demise":2,"iceandfire:pixie_house_mushroom_red":1,"minecraft:smithing_table":1,"minecraft:cooked_rabbit":16,"minecraft:andesite":1,"epicpaladins:angel_sword":42,"minecraft:experience_bottle":6,"minecraft:trident":187,"minecraft:stone_sword":53,"minecraft:stone_shovel":2,"minecraft:cooked_salmon":2,"minecraft:torch":41,"iceandfire:armor_copper_metal_boots":1,"minecraft:dirt":5,"paraglider:horned_statue":1,"minecraft:dark_oak_planks":3,"minecraft:chipped_anvil":3,"minecraft:iron_axe":150,"minecraft:smooth_sandstone":1,"minecraft:iron_boots":1,"minecraft:raw_copper_block":1,"minecraft:goat_horn":4,"tombstone:gift":8,"comforts:sleeping_bag_white":17,"minecraft:cooked_beef":10,"minecraft:cobbled_deepslate":6,"minecraft:cooked_mutton":56,"minecraft:water_bucket":95,"iceandfire:fire_dragon_flesh":2,"farmersdelight:golden_knife":1,"minecraft:leather_boots":1,"minecraft:lime_bed":2,"minecraft:crafting_table":35,"minecraft:red_bed":8,"travelersbackpack:magenta_sleeping_bag":1,"minecraft:white_bed":5,"minecraft:music_disc_strad":2,"minecraft:dark_oak_door":6,"minecraft:smoker":3,"minecraft:iron_pickaxe":816,"minecraft:suspicious_stew":1,"minecraft:spruce_sapling":2,"minecraft:stone_axe":37,"minecraft:cobblestone":52,"minecraft:purple_bed":4,"minecraft:jungle_door":11,"minecraft:bucket":97,"minecraft:splash_potion":4,"minecraft:jukebox":1,"minecraft:smooth_stone":1,"minecraft:chainmail_leggings":1},"minecraft:dropped":{"minecraft:iron_sword":1,"minecraft:moss_block":3,"minecraft:brown_mushroom":1,"minecraft:diamond":4,"ecologics:coconut_slice":2,"minecraft:lantern":1,"paraglider:spirit_orb":1,"minecraft:flint":1,"minecraft:snowball":12,"paraglider:paraglider":1,"minecraft:bone":2,"minecraft:sugar_cane":5,"minecraft:rotten_flesh":15,"minecraft:oak_planks":2,"minecraft:rabbit_hide":3,"supplementaries:ash":8,"minecraft:dune_armor_trim_smithing_template":6,"minecraft:oak_wood":12,"minecraft:melon_seeds":2,"minecraft:arrow":7,"iceandfire:deathworm_chitin_yellow":2,"minecraft:brown_concrete":3,"minecraft:wheat_seeds":5,"minecraft:feather":2,"minecraft:cobblestone":89,"minecraft:spruce_door":3,"iceandfire:deathworm_chitin_red":8,"farmersdelight:golden_knife":1,"minecraft:torch":1,"minecraft:rose_bush":2,"minecraft:string":29,"minecraft:pink_petals":4,"minecraft:moss_carpet":2,"minecraft:green_terracotta":1,"minecraft:green_bed":1,"farmersdelight:cabbage_seeds":2,"minecraft:shield":2,"paraglider:rito_goddess_statue":4,"minecraft:spruce_trapdoor":1,"minecraft:andesite":10},"minecraft:killed":{"minecraft:cave_spider":12,"iceandfire:hippogryph":1,"minecraft:spider":14,"iceandfire:stymphalian_bird":1,"minecraft:skeleton":27,"minecraft:guardian":1,"ecologics:coconut_crab":2,"minecraft:illusioner":1,"minecraft:zombie_villager":1,"minecraft:creeper":8,"minecraft:sheep":4,"minecraft:pillager":23,"minecraft:zombie":47,"cataclysm:deepling":1,"minecraft:stray":1,"iceandfire:pixie":6,"iceandfire:sea_serpent":6,"minecraft:cow":25,"minecraft:vindicator":7,"iceandfire:fire_dragon":1,"minecraft:drowned":5,"iceandfire:deathworm":5,"minecraft:husk":6,"iceandfire:cyclops":2,"minecraft:rabbit":16,"aquaculture:jellyfish":1,"sons_of_sins:betrayed_guzzler":2,"iceandfire:ghost":2,"minecraft:villager":3,"minecraft:enderman":2},"minecraft:crafted":{"epicpaladins:arclight_sword":1,"minecraft:dark_oak_boat":2,"aether:golden_gloves":1,"paraglider:deku_leaf":1,"iceandfire:armor_copper_metal_boots":1,"minecraft:cooked_mutton":56,"minecraft:glass":24,"minecraft:dark_oak_door":3,"minecraft:iron_boots":3,"minecraft:raw_copper":9,"minecraft:chest":1,"minecraft:magenta_dye":2,"minecraft:cooked_rabbit":16,"travelersbackpack:iron_tier_upgrade":2,"minecraft:emerald":18,"minecraft:crafting_table":16,"minecraft:spruce_planks":72,"minecraft:jungle_boat":1,"travelersbackpack:standard":3,"minecraft:wooden_pickaxe":1,"minecraft:iron_helmet":3,"minecraft:spruce_door":3,"minecraft:smithing_table":1,"iceandfire:tide_blue_leggings":1,"minecraft:copper_ingot":8,"ecologics:sandcastle":1,"minecraft:iron_chestplate":5,"minecraft:shield":5,"iceandfire:tide_teal_helmet":1,"travelersbackpack:iron_golem":2,"minecraft:stick":56,"minecraft:iron_pickaxe":4,"minecraft:iron_ingot":45,"minecraft:stone_sword":2,"minecraft:gold_ingot":175,"travelersbackpack:magenta_sleeping_bag":1,"minecraft:shears":1,"minecraft:magenta_wool":2,"minecraft:stone_shovel":1,"minecraft:raw_iron":18,"iceandfire:deathworm_white_leggings":1,"iceandfire:tide_red_boots":1,"comforts:sleeping_bag_white":1,"minecraft:furnace":3,"minecraft:bone_meal":9,"travelersbackpack:gold_tier_upgrade":2,"travelersbackpack:blank_upgrade":4,"minecraft:iron_axe":2,"minecraft:stone_pickaxe":1,"backpacked:backpack":1,"minecraft:dark_oak_planks":80,"minecraft:wheat":450,"minecraft:cooked_beef":10,"paraglider:paraglider":2,"iceandfire:tide_red_chestplate":1,"travelersbackpack:backpack_tank":4,"minecraft:iron_sword":3,"minecraft:bucket":1,"minecraft:stone_axe":1,"minecraft:bread":150,"minecraft:air":0,"minecraft:jungle_planks":88,"minecraft:jungle_door":12,"justhammers:iron_hammer":1,"minecraft:iron_leggings":3,"minecraft:white_bed":2,"minecraft:torch":56},"minecraft:broken":{"aether:golden_gloves":1,"minecraft:iron_boots":3,"minecraft:iron_chestplate":1,"minecraft:iron_leggings":1,"spelunkers_charm:candle_helmet":1,"minecraft:iron_sword":1,"iceandfire:deathworm_white_leggings":1,"aether:iron_gloves":1,"minecraft:leather_chestplate":1,"minecraft:shield":1,"minecraft:iron_pickaxe":1,"minecraft:iron_helmet":4,"iceandfire:armor_copper_metal_boots":1},"minecraft:picked_up":{"minecraft:iron_chestplate":1,"minecraft:music_disc_strad":2,"minecraft:lead":2,"minecraft:wither_rose":2,"minecraft:enchanted_book":2,"minecraft:brewing_stand":2,"minecraft:amethyst_block":3,"iceandfire:manuscript":8,"paraglider:goddess_statue":6,"minecraft:string":115,"minecraft:raw_copper":82,"iceandfire:sea_serpent_scales_teal":5,"minecraft:iron_leggings":2,"epicpaladins:bloodstone_gem":12,"minecraft:experience_bottle":4,"paraglider:deku_leaf":1,"minecraft:sea_pickle":2,"minecraft:activator_rail":1,"minecraft:smooth_stone":22,"minecraft:gold_nugget":1300,"minecraft:cobbled_deepslate":82,"comforts:sleeping_bag_white":18,"minecraft:rose_bush":2,"minecraft:calcite":16,"minecraft:azalea":1,"minecraft:iron_pickaxe":2,"minecraft:azalea_leaves":1,"minecraft:enchanted_golden_apple":1,"minecraft:melon_slice":79,"minecraft:coal_block":57,"farmersdelight:cabbage_seeds":12,"ecologics:crab_claw":2,"minecraft:furnace":2,"minecraft:dark_oak_door":5,"iceandfire:pixie_dust":6,"minecraft:stick":9,"minecraft:acacia_fence":1,"minecraft:jungle_door":6,"minecraft:jukebox":1,"epicpaladins:arclight_gem":24,"minecraft:brown_terracotta":1,"minecraft:torch":121,"minecraft:green_bed":1,"ecologics:coconut_seedling":2,"minecraft:spruce_stairs":2,"iceandfire:rotten_egg":1,"tombstone:grave_dust":29,"minecraft:green_terracotta":1,"minecraft:stone_sword":2,"epicpaladins:cryorium_gem":72,"minecraft:rotten_flesh":89,"iceandfire:deathworm_chitin_yellow":4,"ecologics:coconut_log":3,"iceandfire:fire_dragon_heart":1,"minecraft:iron_block":2,"farmersdelight:rope":28,"supplementaries:ash":17,"endrem:rogue_eye":1,"minecraft:obsidian":1,"minecraft:snowball":16,"minecraft:cobblestone":290,"minecraft:pink_petals":4,"minecraft:dune_armor_trim_smithing_template":2,"minecraft:leather_chestplate":1,"minecraft:feather":2,"minecraft:lilac":2,"minecraft:repeater":1,"minecraft:jungle_log":136,"minecraft:water_bucket":1,"minecraft:andesite":22,"minecraft:brown_wool":1,"minecraft:dark_oak_boat":2,"minecraft:smoker":7,"minecraft:potato":29,"paraglider:spirit_orb":13,"minecraft:flint":2,"minecraft:tuff":10,"supplementaries:flax_seeds":13,"cataclysm:coral_spear":1,"minecraft:lapis_lazuli":69,"minecraft:dirt":13,"minecraft:lantern":1,"minecraft:leather_boots":1,"minecraft:bone":93,"minecraft:chipped_anvil":4,"minecraft:gray_terracotta":6,"minecraft:bow":2,"minecraft:wheat_seeds":11,"minecraft:raw_gold":62,"minecraft:rabbit":16,"minecraft:bamboo":93,"minecraft:moss_block":5,"minecraft:oak_planks":2,"aquaculture:jellyfish":1,"endrem:lost_eye":1,"tombstone:scroll_of_feather_fall":1,"travelersbackpack:magenta_sleeping_bag":1,"iceandfire:dragon_skull_fire":4,"minecraft:sand":59,"epicpaladins:arclight_sword":2,"spelunkers_charm:candle_on_helmet":1,"minecraft:grass_block":1,"minecraft:dark_oak_log":55,"minecraft:chiseled_sandstone":4,"iceandfire:pixie_wings":2,"sons_of_sins:flesh_of_demise":2,"minecraft:bundle":5,"minecraft:blue_terracotta":1,"minecraft:diamond":12,"waystones:waystone":2,"minecraft:crossbow":3,"minecraft:granite":3,"minecraft:golden_apple":6,"minecraft:spruce_sign":1,"minecraft:emerald":20,"minecraft:bread":16,"minecraft:chiseled_red_sandstone":1,"iceandfire:raw_silver":2,"minecraft:mud":3,"minecraft:crafting_table":21,"minecraft:allium":2,"minecraft:nether_wart":26,"minecraft:turtle_helmet":1,"iceandfire:fire_lily":1,"minecraft:brown_mushroom":1,"ecologics:seashell":1,"minecraft:gold_block":2,"minecraft:chain":8,"minecraft:brick":3,"minecraft:shield":1,"iceandfire:sea_serpent_scales_blue":10,"minecraft:red_bed":8,"minecraft:moss_carpet":14,"minecraft:iron_axe":3,"minecraft:item_frame":6,"minecraft:iron_shovel":1,"paraglider:rito_goddess_statue":6,"minecraft:detector_rail":3,"minecraft:beef":45,"minecraft:jungle_sapling":9,"minecraft:poppy":3,"minecraft:quartz_stairs":1,"supplementaries:rope":16,"minecraft:sugar_cane":5,"minecraft:chest":25,"minecraft:spruce_trapdoor":1,"minecraft:raw_copper_block":2,"minecraft:egg":2,"minecraft:dark_oak_sapling":2,"minecraft:raw_iron":169,"minecraft:sandstone":49,"iceandfire:dragonbone":48,"iceandfire:dragonscales_gray":24,"ecologics:coconut_slice":16,"iceandfire:deathworm_chitin_red":8,"minecraft:music_disc_mellohi":1,"farmersdelight:tomato_seeds":4,"iceandfire:deathworm_chitin_white":7,"minecraft:trident":2,"minecraft:carrot":38,"iceandfire:deathworm_egg_giant":1,"minecraft:stone_pressure_plate":2,"iceandfire:dragon_skull_ice":1,"minecraft:howl_pottery_sherd":1,"minecraft:tnt":12,"minecraft:arrow":108,"iceandfire:sea_serpent_scales_purple":6,"iceandfire:cyclops_eye":1,"minecraft:beetroot_seeds":2,"minecraft:shears":1,"minecraft:hay_block":52,"minecraft:gold_ingot":25,"paraglider:horned_statue":5,"minecraft:glow_berries":7,"minecraft:mutton":8,"minecraft:white_wool":28,"minecraft:skeleton_skull":3,"minecraft:bone_block":1,"minecraft:rail":13,"minecraft:lime_bed":2,"minecraft:jungle_boat":2,"iceandfire:sea_serpent_fang":19,"minecraft:glow_ink_sac":15,"minecraft:cut_sandstone":16,"minecraft:leather":20,"minecraft:jungle_fence":1,"spelunkers_charm:old_miners_bundle":2,"minecraft:brown_concrete":3,"minecraft:lily_pad":1,"minecraft:gunpowder":51,"farmersdelight:skillet":1,"minecraft:blue_bed":2,"minecraft:white_banner":1,"iceandfire:pixie_house_mushroom_red":1,"minecraft:orange_terracotta":1,"iceandfire:deathworm_tounge":1,"minecraft:cooked_mutton":32,"minecraft:smooth_sandstone":5,"minecraft:stone_bricks":3,"minecraft:rabbit_hide":9,"minecraft:iron_ingot":17,"minecraft:stone_pickaxe":1,"minecraft:cobweb":7,"minecraft:prismarine_brick_slab":1,"minecraft:iron_sword":1,"iceandfire:fire_dragon_flesh":2,"minecraft:flowering_azalea":1,"minecraft:book":31,"iceandfire:copper_nugget":4,"minecraft:smooth_basalt":3,"minecraft:emerald_block":2,"minecraft:sweet_berries":27,"minecraft:red_wool":1,"minecraft:raw_iron_block":2,"minecraft:gravel":8,"minecraft:amethyst_shard":24,"minecraft:spruce_sapling":2,"minecraft:white_bed":3,"minecraft:spruce_log":9,"minecraft:spruce_door":5,"minecraft:spider_eye":5,"minecraft:cut_red_sandstone":2,"minecraft:oak_wood":12,"minecraft:purple_bed":5,"minecraft:stone_axe":1,"minecraft:iron_helmet":1,"iceandfire:sea_serpent_scales_red":12,"tombstone:magic_scroll":2,"minecraft:melon_seeds":7,"minecraft:black_wool":1,"iceandfire:chared_gravel":33,"minecraft:coal":82,"minecraft:ender_pearl":4},"minecraft:custom":{"minecraft:interact_with_crafting_table":102,"minecraft:open_barrel":94,"minecraft:bell_ring":4,"minecraft:eat_cake_slice":2,"minecraft:leave_game":39,"minecraft:time_since_death":1480,"minecraft:sprint_one_cm":883349,"minecraft:damage_blocked_by_shield":6308,"minecraft:drop":66,"minecraft:talked_to_villager":8,"minecraft:play_time":732638,"minecraft:deaths":46,"minecraft:jump":9313,"minecraft:walk_on_water_one_cm":167258,"minecraft:interact_with_furnace":35,"minecraft:play_record":2,"minecraft:sleep_in_bed":35,"minecraft:waystone_activated":2,"minecraft:open_enderchest":15,"minecraft:damage_dealt":48832,"minecraft:player_kills":3,"minecraft:crouch_one_cm":76276,"tombstone:undead_killed":89,"tombstone:villager_killed":3,"minecraft:interact_with_smoker":16,"minecraft:inspect_dispenser":1,"minecraft:interact_with_smithing_table":4,"minecraft:interact_with_anvil":5,"minecraft:mob_kills":239,"minecraft:damage_dealt_resisted":2033,"minecraft:climb_one_cm":25543,"minecraft:walk_one_cm":926804,"minecraft:sneak_time":29693,"minecraft:walk_under_water_one_cm":376106,"minecraft:boat_one_cm":40,"minecraft:total_world_time":732638,"tombstone:raider_killed":31,"minecraft:time_since_rest":588,"minecraft:damage_taken":36597,"minecraft:trigger_trapped_chest":9,"tombstone:cast_on_ally":2,"minecraft:swim_one_cm":510873,"minecraft:fly_one_cm":2832863,"minecraft:open_chest":152,"minecraft:fall_one_cm":255836},"minecraft:mined":{"minecraft:stone_pressure_plate":2,"minecraft:white_bed":3,"epicpaladins:cryorium_ore":11,"minecraft:chiseled_red_sandstone":1,"minecraft:jungle_leaves":3,"paraglider:rito_goddess_statue":2,"minecraft:brewing_stand":2,"minecraft:granite":3,"minecraft:grass_block":4,"ecologics:coconut_leaves":1,"minecraft:coal_block":56,"minecraft:nether_wart":10,"minecraft:spawner":8,"minecraft:smooth_stone":22,"minecraft:tall_seagrass":1,"minecraft:raw_iron_block":2,"minecraft:iron_ore":54,"minecraft:cobbled_deepslate":2,"minecraft:fire":1,"minecraft:deepslate_lapis_ore":3,"minecraft:enchanting_table":1,"iceandfire:gold_pile":115,"minecraft:flowering_azalea_leaves":1,"minecraft:azalea_leaves":1,"minecraft:iron_block":2,"minecraft:cut_sandstone":16,"minecraft:jungle_door":5,"ecologics:pot":1,"minecraft:red_bed":8,"minecraft:smoker":7,"minecraft:amethyst_cluster":6,"minecraft:orange_terracotta":1,"minecraft:torch":3,"minecraft:calcite":3,"minecraft:melon":15,"minecraft:chest":25,"minecraft:dead_bush":2,"supplementaries:wild_flax":4,"iceandfire:fire_lily":1,"minecraft:cobblestone":75,"minecraft:sugar_cane":3,"minecraft:wall_torch":7,"minecraft:amethyst_block":3,"minecraft:skeleton_skull":2,"minecraft:repeater":1,"minecraft:blue_terracotta":1,"minecraft:jungle_wood":3,"ecologics:seashell":1,"minecraft:dark_oak_door":4,"paraglider:horned_statue":5,"epicpaladins:deepslate_cryorium_ore":13,"minecraft:lilac":2,"minecraft:tnt":12,"minecraft:wither_rose":1,"minecraft:grass":21,"minecraft:beetroots":2,"minecraft:acacia_fence":1,"minecraft:sand":55,"minecraft:dirt":7,"minecraft:smooth_basalt":3,"minecraft:cut_red_sandstone":2,"minecraft:raw_copper_block":2,"epicpaladins:arclight_ore":8,"minecraft:deepslate":43,"minecraft:emerald_block":2,"minecraft:tube_coral":2,"minecraft:tuff":10,"iceandfire:silver_ore":1,"minecraft:quartz_stairs":1,"minecraft:dark_oak_leaves":5,"minecraft:deepslate_diamond_ore":3,"minecraft:dark_oak_log":46,"minecraft:allium":2,"minecraft:decorated_pot":1,"iceandfire:deepslate_silver_ore":1,"farmersdelight:wild_cabbages":2,"minecraft:spruce_leaves":1,"minecraft:moss_block":3,"minecraft:sandstone":51,"epicpaladins:deepslate_arclight_ore":5,"minecraft:large_fern":4,"minecraft:hay_block":50,"minecraft:furnace":2,"minecraft:carrots":9,"minecraft:chiseled_sandstone":1,"minecraft:andesite":24,"minecraft:gold_block":2,"minecraft:bookshelf":9,"minecraft:potatoes":9,"minecraft:deepslate_iron_ore":89,"minecraft:vine":2,"minecraft:bamboo":13,"minecraft:stone":147,"minecraft:white_wool":29,"minecraft:podzol":1,"minecraft:red_wool":1,"epicpaladins:deepslate_bloodstone_ore":3,"minecraft:spruce_door":5,"minecraft:smooth_sandstone":5,"minecraft:crafting_table":21,"minecraft:copper_ore":19,"minecraft:tall_grass":5,"minecraft:lapis_ore":5,"farmersdelight:wild_tomatoes":1,"minecraft:deepslate_gold_ore":27,"minecraft:blue_bed":2,"supplementaries:urn":18,"minecraft:purple_bed":5,"epicpaladins:bloodstone_ore":3,"minecraft:lime_bed":1,"travelersbackpack:magenta_sleeping_bag":1,"minecraft:sweet_berry_bush":16,"minecraft:spruce_log":9,"iceandfire:pixie_house_mushroom_red":1,"minecraft:coal_ore":37,"minecraft:gravel":3,"minecraft:cobweb":49,"minecraft:stone_bricks":1,"minecraft:small_dripleaf":1,"minecraft:gold_ore":4,"minecraft:chipped_anvil":4,"minecraft:fern":12,"paraglider:goddess_statue":6}},"DataVersion":3465}