{"stats":{"minecraft:killed":{"minecraft:skeleton":6,"minecraft:zombie":12,"minecraft:cow":2},"minecraft:mined":{"minecraft:grass":1,"minecraft:lilac":2},"minecraft:custom":{"minecraft:open_barrel":4,"minecraft:open_chest":14,"minecraft:time_since_rest":88221,"minecraft:play_time":88221,"minecraft:crouch_one_cm":3271,"minecraft:walk_one_cm":53405,"minecraft:sprint_one_cm":39569,"tombstone:undead_killed":18,"minecraft:sneak_time":1601,"minecraft:mob_kills":20,"minecraft:jump":441,"minecraft:damage_dealt":4698,"minecraft:leave_game":12,"minecraft:time_since_death":88221,"minecraft:walk_on_water_one_cm":524,"minecraft:total_world_time":88221,"minecraft:climb_one_cm":500,"minecraft:fall_one_cm":5885,"minecraft:fly_one_cm":595254,"minecraft:damage_taken":90},"minecraft:picked_up":{"minecraft:bundle":1,"minecraft:leather_boots":1,"minecraft:lilac":2,"minecraft:arrow":4,"minecraft:bone":5,"minecraft:rotten_flesh":10,"minecraft:leather":2,"minecraft:wheat_seeds":1,"minecraft:beef":4,"minecraft:spruce_sapling":1,"tombstone:grave_dust":4,"tombstone:magic_scroll":1,"minecraft:egg":1},"minecraft:used":{"minecraft:bread":2,"minecraft:egg":44,"epicpaladins:angel_sword":42,"minecraft:lilac":1}},"DataVersion":3465}