{"stats":{"minecraft:dropped":{"minecraft:moss_block":3,"minecraft:wheat_seeds":5,"minecraft:diamond":4,"minecraft:cobblestone":24,"minecraft:lantern":1,"minecraft:spruce_door":3,"paraglider:spirit_orb":1,"iceandfire:deathworm_chitin_red":8,"minecraft:torch":1,"minecraft:rose_bush":2,"minecraft:string":13,"minecraft:moss_carpet":2,"minecraft:sugar_cane":5,"minecraft:green_terracotta":1,"minecraft:green_bed":1,"minecraft:rotten_flesh":5,"minecraft:oak_planks":2,"minecraft:shield":2,"minecraft:dune_armor_trim_smithing_template":6,"minecraft:spruce_trapdoor":1,"minecraft:oak_wood":12,"minecraft:arrow":7,"minecraft:brown_concrete":3},"minecraft:picked_up":{"minecraft:mud":3,"minecraft:iron_chestplate":1,"minecraft:crafting_table":13,"iceandfire:fire_lily":1,"minecraft:wither_rose":1,"minecraft:enchanted_book":1,"minecraft:chain":8,"minecraft:amethyst_block":3,"iceandfire:manuscript":8,"paraglider:goddess_statue":3,"minecraft:string":76,"minecraft:red_bed":8,"minecraft:moss_carpet":9,"minecraft:raw_copper":72,"minecraft:iron_leggings":2,"minecraft:iron_shovel":1,"minecraft:sea_pickle":2,"minecraft:gold_nugget":1210,"comforts:sleeping_bag_white":2,"minecraft:beef":18,"minecraft:rose_bush":2,"minecraft:jungle_sapling":1,"minecraft:calcite":16,"minecraft:azalea":1,"minecraft:poppy":2,"minecraft:melon_slice":79,"minecraft:sugar_cane":5,"minecraft:chest":12,"minecraft:spruce_trapdoor":1,"farmersdelight:cabbage_seeds":4,"minecraft:furnace":2,"minecraft:egg":1,"minecraft:dark_oak_sapling":2,"minecraft:raw_iron":19,"minecraft:sandstone":28,"iceandfire:dragonbone":16,"epicpaladins:arclight_gem":2,"iceandfire:deathworm_chitin_red":8,"minecraft:brown_terracotta":1,"minecraft:torch":6,"minecraft:green_bed":1,"tombstone:grave_dust":8,"minecraft:carrot":38,"iceandfire:deathworm_egg_giant":1,"minecraft:green_terracotta":1,"minecraft:stone_pressure_plate":1,"minecraft:stone_sword":2,"minecraft:arrow":19,"minecraft:rotten_flesh":36,"minecraft:beetroot_seeds":2,"minecraft:hay_block":25,"minecraft:iron_block":2,"farmersdelight:rope":9,"minecraft:gold_ingot":1,"supplementaries:ash":4,"endrem:rogue_eye":1,"minecraft:glow_berries":1,"minecraft:obsidian":1,"minecraft:mutton":8,"minecraft:bone_block":1,"minecraft:rail":6,"minecraft:skeleton_skull":3,"minecraft:white_wool":28,"minecraft:cobblestone":175,"minecraft:dune_armor_trim_smithing_template":2,"minecraft:lilac":2,"minecraft:leather":9,"minecraft:brown_wool":1,"minecraft:cut_sandstone":3,"minecraft:jungle_fence":1,"minecraft:potato":29,"paraglider:spirit_orb":7,"minecraft:brown_concrete":3,"minecraft:gunpowder":18,"minecraft:blue_bed":2,"minecraft:dirt":4,"minecraft:lantern":1,"minecraft:white_banner":1,"minecraft:leather_boots":1,"minecraft:smooth_sandstone":5,"minecraft:bone":22,"minecraft:chipped_anvil":3,"minecraft:stone_bricks":3,"minecraft:gray_terracotta":6,"minecraft:wheat_seeds":10,"minecraft:rabbit_hide":9,"minecraft:stone_pickaxe":1,"minecraft:cobweb":7,"minecraft:rabbit":16,"minecraft:moss_block":5,"minecraft:iron_sword":1,"minecraft:oak_planks":2,"minecraft:flowering_azalea":1,"minecraft:book":4,"minecraft:smooth_basalt":3,"minecraft:sweet_berries":27,"minecraft:gravel":5,"iceandfire:dragon_skull_fire":3,"minecraft:amethyst_shard":24,"minecraft:spruce_sapling":2,"minecraft:white_bed":1,"minecraft:spruce_log":9,"minecraft:spruce_door":5,"minecraft:dark_oak_log":55,"minecraft:spider_eye":4,"sons_of_sins:flesh_of_demise":1,"minecraft:cut_red_sandstone":2,"minecraft:bundle":2,"minecraft:oak_wood":12,"minecraft:diamond":7,"minecraft:stone_axe":1,"waystones:waystone":2,"minecraft:iron_helmet":1,"minecraft:emerald":13,"minecraft:spruce_sign":1,"minecraft:bread":9,"minecraft:chiseled_red_sandstone":1,"tombstone:magic_scroll":1,"minecraft:black_wool":1,"minecraft:coal":55},"minecraft:crafted":{"minecraft:stone_shovel":1,"minecraft:dark_oak_boat":1,"comforts:sleeping_bag_white":1,"minecraft:furnace":2,"aether:golden_gloves":1,"minecraft:bone_meal":9,"minecraft:cooked_mutton":8,"iceandfire:armor_copper_metal_boots":1,"minecraft:iron_boots":1,"minecraft:iron_axe":1,"minecraft:stone_pickaxe":1,"backpacked:backpack":1,"minecraft:dark_oak_planks":64,"minecraft:wheat":225,"minecraft:cooked_beef":10,"minecraft:crafting_table":6,"minecraft:spruce_planks":36,"minecraft:wooden_pickaxe":1,"minecraft:iron_sword":2,"minecraft:spruce_door":3,"minecraft:copper_ingot":8,"minecraft:bucket":1,"minecraft:stone_axe":1,"minecraft:bread":75,"minecraft:air":0,"minecraft:iron_chestplate":1,"minecraft:shield":3,"minecraft:stick":40,"minecraft:iron_ingot":21,"minecraft:iron_pickaxe":1,"minecraft:stone_sword":2,"minecraft:gold_ingot":143,"minecraft:white_bed":2,"minecraft:torch":56},"minecraft:mined":{"minecraft:stone_pressure_plate":1,"minecraft:white_bed":1,"minecraft:dark_oak_leaves":5,"minecraft:dark_oak_log":46,"minecraft:chiseled_red_sandstone":1,"minecraft:jungle_leaves":3,"minecraft:grass_block":1,"minecraft:moss_block":3,"minecraft:sandstone":28,"minecraft:spawner":5,"minecraft:large_fern":4,"minecraft:hay_block":24,"minecraft:furnace":2,"minecraft:carrots":9,"minecraft:iron_ore":20,"minecraft:potatoes":9,"minecraft:vine":2,"iceandfire:gold_pile":115,"minecraft:stone":94,"minecraft:iron_block":2,"minecraft:white_wool":29,"minecraft:podzol":1,"minecraft:cut_sandstone":3,"minecraft:red_bed":8,"minecraft:amethyst_cluster":6,"minecraft:spruce_door":5,"minecraft:smooth_sandstone":5,"minecraft:crafting_table":13,"minecraft:torch":3,"minecraft:calcite":3,"minecraft:melon":15,"minecraft:chest":12,"minecraft:dead_bush":2,"iceandfire:fire_lily":1,"minecraft:copper_ore":17,"minecraft:tall_grass":5,"minecraft:cobblestone":70,"farmersdelight:wild_tomatoes":1,"minecraft:sugar_cane":3,"minecraft:blue_bed":2,"minecraft:wall_torch":3,"minecraft:amethyst_block":3,"minecraft:skeleton_skull":2,"supplementaries:urn":1,"minecraft:jungle_wood":3,"minecraft:sweet_berry_bush":16,"minecraft:lilac":2,"minecraft:spruce_log":9,"minecraft:wither_rose":1,"minecraft:grass":16,"minecraft:coal_ore":33,"minecraft:beetroots":2,"minecraft:dirt":2,"minecraft:cobweb":46,"minecraft:smooth_basalt":3,"minecraft:cut_red_sandstone":2,"minecraft:stone_bricks":1,"minecraft:small_dripleaf":1,"minecraft:chipped_anvil":3,"epicpaladins:arclight_ore":2,"minecraft:fern":9,"paraglider:goddess_statue":3},"minecraft:killed":{"minecraft:cave_spider":11,"minecraft:spider":8,"minecraft:skeleton":13,"minecraft:drowned":2,"iceandfire:deathworm":2,"minecraft:husk":1,"minecraft:zombie_villager":1,"minecraft:rabbit":16,"minecraft:creeper":2,"minecraft:sheep":4,"minecraft:pillager":12,"minecraft:zombie":37,"sons_of_sins:betrayed_guzzler":1,"iceandfire:ghost":2,"minecraft:villager":3,"minecraft:cow":9},"minecraft:broken":{"aether:golden_gloves":1,"minecraft:leather_chestplate":1,"minecraft:shield":1,"minecraft:iron_sword":1,"minecraft:iron_helmet":1,"iceandfire:armor_copper_metal_boots":1},"minecraft:used":{"minecraft:moss_block":2,"minecraft:stone_sword":53,"minecraft:iron_shovel":5,"minecraft:stone_shovel":2,"minecraft:chest":1,"minecraft:shield":31,"minecraft:iron_sword":287,"minecraft:cooked_salmon":2,"minecraft:chiseled_red_sandstone":1,"minecraft:torch":28,"paraglider:goddess_statue":1,"iceandfire:armor_copper_metal_boots":1,"minecraft:dirt":2,"minecraft:carrot":10,"minecraft:chipped_anvil":2,"minecraft:iron_axe":103,"minecraft:smooth_sandstone":1,"minecraft:iron_helmet":1,"minecraft:iron_boots":1,"minecraft:dark_oak_boat":1,"minecraft:sweet_berries":32,"minecraft:furnace":2,"minecraft:beetroot_seeds":2,"minecraft:egg":44,"tombstone:gift":6,"comforts:sleeping_bag_white":2,"minecraft:cooked_beef":10,"minecraft:cooked_mutton":8,"minecraft:water_bucket":26,"minecraft:spruce_door":5,"minecraft:stone_pickaxe":107,"minecraft:wooden_pickaxe":4,"minecraft:leather_chestplate":1,"minecraft:sandstone":26,"minecraft:blue_bed":2,"minecraft:leather_boots":1,"minecraft:crafting_table":17,"minecraft:red_bed":8,"minecraft:white_bed":2,"minecraft:iron_pickaxe":297,"minecraft:melon_slice":15,"minecraft:bread":72,"minecraft:spruce_sapling":2,"minecraft:lilac":1,"minecraft:stone_axe":37,"sons_of_sins:flesh_of_demise":1,"minecraft:cobblestone":27,"minecraft:bucket":27,"epicpaladins:angel_sword":42,"minecraft:splash_potion":4,"minecraft:chainmail_leggings":1},"minecraft:custom":{"minecraft:interact_with_anvil":4,"minecraft:mob_kills":129,"minecraft:interact_with_crafting_table":43,"minecraft:open_barrel":28,"minecraft:bell_ring":4,"minecraft:leave_game":20,"minecraft:time_since_death":39723,"minecraft:climb_one_cm":15266,"minecraft:sprint_one_cm":379266,"minecraft:walk_one_cm":390054,"minecraft:damage_blocked_by_shield":1830,"minecraft:drop":38,"minecraft:talked_to_villager":2,"minecraft:play_time":265512,"minecraft:sneak_time":13110,"minecraft:deaths":9,"minecraft:walk_under_water_one_cm":45812,"minecraft:jump":3818,"minecraft:walk_on_water_one_cm":36516,"minecraft:total_world_time":265512,"minecraft:interact_with_furnace":20,"tombstone:raider_killed":12,"minecraft:sleep_in_bed":10,"minecraft:time_since_rest":3828,"minecraft:damage_taken":7933,"minecraft:trigger_trapped_chest":4,"minecraft:damage_dealt":21412,"minecraft:player_kills":3,"minecraft:swim_one_cm":51287,"minecraft:fly_one_cm":1219950,"minecraft:open_chest":55,"minecraft:crouch_one_cm":33715,"tombstone:undead_killed":56,"tombstone:villager_killed":3,"minecraft:fall_one_cm":92944}},"DataVersion":3465}