{"stats":{"minecraft:custom":{"minecraft:interact_with_crafting_table":40,"minecraft:open_barrel":33,"minecraft:eat_cake_slice":6,"minecraft:leave_game":9,"minecraft:time_since_death":1239,"minecraft:sprint_one_cm":1290102,"minecraft:damage_blocked_by_shield":7165,"minecraft:drop":228,"minecraft:talked_to_villager":9,"minecraft:play_time":455707,"minecraft:deaths":73,"minecraft:interact_with_brewingstand":1,"minecraft:jump":5798,"minecraft:walk_on_water_one_cm":97950,"minecraft:interact_with_furnace":3,"minecraft:play_record":2,"minecraft:sleep_in_bed":26,"minecraft:waystone_activated":1,"minecraft:open_enderchest":11,"minecraft:damage_dealt":24594,"minecraft:crouch_one_cm":13674,"tombstone:undead_killed":39,"minecraft:interact_with_smoker":4,"minecraft:horse_one_cm":353,"minecraft:mob_kills":101,"minecraft:damage_dealt_resisted":1252,"minecraft:climb_one_cm":30685,"minecraft:walk_one_cm":642149,"minecraft:sneak_time":8516,"minecraft:walk_under_water_one_cm":185042,"minecraft:boat_one_cm":48133,"minecraft:interact_with_lectern":1,"minecraft:total_world_time":455707,"tombstone:raider_killed":18,"minecraft:time_since_rest":1073,"minecraft:damage_taken":33429,"minecraft:trigger_trapped_chest":2,"minecraft:swim_one_cm":632609,"minecraft:fly_one_cm":1375569,"minecraft:open_chest":91,"minecraft:fall_one_cm":168133},"minecraft:killed_by":{"iceandfire:fire_dragon":1,"minecraft:husk":1,"minecraft:player":5},"minecraft:crafted":{"minecraft:oak_planks":80,"minecraft:iron_boots":2,"tombstone:grave_key":1,"minecraft:chest":2,"minecraft:crafting_table":3,"minecraft:spruce_planks":4,"minecraft:iron_helmet":2,"minecraft:birch_planks":60,"minecraft:iron_chestplate":1,"minecraft:shield":3,"minecraft:stick":16,"minecraft:iron_ingot":17,"minecraft:stone_sword":2,"minecraft:gold_ingot":38,"minecraft:sandstone":4,"ecologics:coconut_planks":36,"farmersdelight:potato_crate":2,"minecraft:mushroom_stew":8,"minecraft:flint_and_steel":1,"farmersdelight:carrot_crate":3,"minecraft:stone_pickaxe":1,"backpacked:backpack":1,"minecraft:wheat":540,"farmersdelight:rice_bag":1,"minecraft:bowl":8,"minecraft:bucket":1,"minecraft:bread":196,"minecraft:jungle_planks":4,"minecraft:iron_leggings":1,"minecraft:torch":4,"minecraft:clay":1},"minecraft:dropped":{"minecraft:iron_sword":7,"minecraft:moss_block":85,"minecraft:birch_planks":2,"minecraft:cooked_beef":1,"minecraft:crafting_table":1,"minecraft:sandstone_stairs":1,"minecraft:crossbow":1,"iceandfire:chared_dirt":64,"minecraft:jungle_planks":1,"minecraft:saddle":1,"minecraft:rail":6,"farmersdelight:rice":2,"paraglider:spirit_orb":2,"minecraft:emerald":1,"minecraft:dirt":31,"tombstone:bag_of_seeds":1,"minecraft:birch_fence":3,"minecraft:stone_button":1,"minecraft:mutton":7,"minecraft:cut_sandstone":3,"iceandfire:chared_gravel":64,"artifacts:charm_of_sinking":1,"minecraft:sunflower":3,"minecraft:jungle_sapling":1,"minecraft:gold_nugget":42,"minecraft:bone_block":1,"minecraft:gray_candle":9,"minecraft:sand":113,"minecraft:iron_pickaxe":2,"minecraft:bone":5,"minecraft:stone_axe":1,"minecraft:blackstone":1,"minecraft:sugar_cane":12,"minecraft:iron_nugget":15,"minecraft:birch_sapling":1,"minecraft:wheat":2,"minecraft:smooth_sandstone_stairs":5,"tombstone:gift":1,"minecraft:beetroot":1,"paraglider:goddess_statue":1,"minecraft:rotten_flesh":46,"minecraft:oak_planks":1,"minecraft:carrot":6,"minecraft:rabbit_foot":6,"minecraft:rabbit_hide":5,"minecraft:leather_chestplate":2,"supplementaries:ash":1,"minecraft:turtle_helmet":1,"minecraft:trident":2,"minecraft:gunpowder":3,"minecraft:skeleton_skull":1,"minecraft:beetroot_seeds":49,"ecologics:coconut_husk":4,"minecraft:ladder":1,"farmersdelight:rope":9,"minecraft:arrow":7,"minecraft:stone_brick_stairs":1,"iceandfire:manuscript":19,"minecraft:purple_carpet":2,"farmersdelight:tomato_seeds":4,"minecraft:enchanted_book":2,"minecraft:bread":58,"minecraft:stripped_spruce_log":8,"minecraft:magenta_carpet":1,"minecraft:wheat_seeds":3,"minecraft:andesite_wall":2,"minecraft:book":1,"minecraft:cobblestone":10,"minecraft:lead":2,"minecraft:jungle_wood":3,"minecraft:mushroom_stew":4,"minecraft:stick":21,"iceandfire:deathworm_chitin_red":11,"iceandfire:copper_nugget":10,"minecraft:torch":11,"tombstone:grave_key":5,"minecraft:iron_door":1,"minecraft:jungle_door":4,"tombstone:grave_dust":3,"minecraft:iron_leggings":2,"minecraft:wither_rose":1,"minecraft:smooth_sandstone_slab":2,"minecraft:cactus":1,"minecraft:string":1,"minecraft:smooth_sandstone":1,"minecraft:spruce_sapling":3,"minecraft:chiseled_sandstone":9,"minecraft:dandelion":2,"iceandfire:silver_nugget":14,"minecraft:bricks":1,"minecraft:blue_terracotta":1,"minecraft:moss_carpet":9,"farmersdelight:cabbage_seeds":4,"minecraft:flint_and_steel":1,"minecraft:potato":8,"minecraft:oak_button":2,"minecraft:orange_terracotta":3,"minecraft:oak_sapling":4,"minecraft:stone_pressure_plate":1,"minecraft:stone_bricks":3,"minecraft:spider_eye":2,"minecraft:sandstone":65,"minecraft:stone_pickaxe":2,"minecraft:wooden_pickaxe":1,"minecraft:calcite":5},"minecraft:used":{"minecraft:moss_block":69,"minecraft:chest":2,"minecraft:shield":88,"minecraft:iron_sword":506,"minecraft:iron_chestplate":1,"minecraft:spruce_boat":1,"minecraft:quartz_pillar":5,"minecraft:quartz_block":1,"minecraft:iron_helmet":5,"supplementaries:ash":1,"minecraft:potato":2,"minecraft:stone_pickaxe":72,"minecraft:oak_planks":1,"minecraft:wooden_pickaxe":12,"minecraft:sandstone":5,"minecraft:chainmail_helmet":4,"minecraft:blue_bed":7,"minecraft:clay":1,"minecraft:sand":35,"minecraft:mushroom_stew":4,"minecraft:crossbow":1,"minecraft:chiseled_sandstone":2,"minecraft:bread":159,"tombstone:grave_key":12,"minecraft:gravel":4,"ecologics:coconut_slice":4,"minecraft:smooth_stone_slab":2,"minecraft:trident":98,"minecraft:stone_sword":60,"minecraft:flint_and_steel":21,"ecologics:walnut_log":1,"minecraft:spruce_planks":4,"minecraft:torch":13,"minecraft:dirt":19,"minecraft:music_disc_mellohi":1,"minecraft:wooden_axe":50,"minecraft:dark_oak_planks":1,"minecraft:iron_axe":11,"minecraft:iron_boots":1,"minecraft:wolf_spawn_egg":1,"farmersdelight:cooking_pot":1,"tombstone:gift":3,"minecraft:cooked_beef":4,"minecraft:iron_leggings":2,"minecraft:calcite":53,"minecraft:water_bucket":4,"minecraft:cut_sandstone":14,"minecraft:green_bed":7,"minecraft:tnt":8,"minecraft:crafting_table":6,"minecraft:red_bed":2,"minecraft:magenta_bed":2,"minecraft:music_disc_strad":1,"minecraft:iron_pickaxe":150,"minecraft:cobblestone":6,"minecraft:jungle_door":8,"minecraft:bucket":5,"minecraft:yellow_bed":8},"minecraft:killed":{"minecraft:cave_spider":1,"iceandfire:hippogryph":1,"minecraft:spider":4,"minecraft:skeleton":10,"ecologics:coconut_crab":4,"aquaculture:atlantic_herring":1,"minecraft:sheep":1,"minecraft:pillager":11,"minecraft:zombie":22,"iceandfire:sea_serpent":1,"minecraft:cow":1,"minecraft:vindicator":7,"takesapillage:clay_golem":2,"minecraft:drowned":2,"iceandfire:deathworm":1,"minecraft:husk":5,"aquaculture:atlantic_halibut":1,"aquaculture:tuna":1,"minecraft:rabbit":20,"sons_of_sins:betrayed_guzzler":2},"minecraft:picked_up":{"minecraft:wooden_axe":1,"minecraft:wheat":13,"minecraft:flower_pot":2,"minecraft:anvil":1,"minecraft:suspicious_stew":1,"minecraft:magenta_carpet":2,"minecraft:lead":2,"minecraft:wither_rose":1,"minecraft:enchanted_book":2,"minecraft:stone_brick_stairs":1,"minecraft:brewing_stand":1,"tombstone:grave_key":4,"iceandfire:manuscript":13,"paraglider:goddess_statue":2,"minecraft:string":13,"minecraft:smooth_stone_slab":2,"minecraft:beetroot":22,"minecraft:gold_nugget":211,"bosses_of_mass_destruction:soul_star":1,"minecraft:calcite":44,"minecraft:iron_pickaxe":5,"ecologics:crab_claw":4,"farmersdelight:cabbage_seeds":4,"minecraft:furnace":3,"minecraft:stick":35,"minecraft:jungle_door":12,"ecologics:walnut_log":1,"minecraft:brown_terracotta":1,"minecraft:torch":39,"minecraft:green_bed":8,"aquaculture:atlantic_halibut":1,"tombstone:grave_dust":12,"minecraft:green_terracotta":1,"minecraft:rabbit_foot":6,"minecraft:andesite_wall":2,"minecraft:quartz_block":1,"minecraft:cactus":1,"minecraft:rotten_flesh":92,"ecologics:coconut_log":9,"iceandfire:deathworm_chitin_yellow":3,"minecraft:red_tulip":3,"minecraft:iron_block":1,"farmersdelight:rope":19,"minecraft:cobblestone":23,"paraglider:paraglider":1,"minecraft:birch_log":18,"minecraft:enchanting_table":1,"minecraft:pink_petals":7,"minecraft:leather_chestplate":3,"minecraft:lilac":4,"aquaculture:tuna":1,"minecraft:iron_door":1,"minecraft:jungle_log":12,"minecraft:jungle_wood":4,"minecraft:potato":27,"paraglider:spirit_orb":9,"minecraft:flint":1,"minecraft:prismarine_bricks":1,"minecraft:smooth_sandstone_stairs":5,"minecraft:magenta_bed":2,"artifacts:pickaxe_heater":1,"minecraft:dirt":64,"minecraft:purple_carpet":2,"minecraft:bone":7,"minecraft:wheat_seeds":35,"minecraft:grindstone":1,"minecraft:rabbit":27,"minecraft:moss_block":222,"minecraft:gray_candle":9,"minecraft:oak_planks":1,"minecraft:mossy_stone_brick_stairs":2,"aquaculture:atlantic_herring":1,"iceandfire:dragon_skull_fire":3,"minecraft:sand":132,"minecraft:stripped_spruce_log":8,"minecraft:chiseled_sandstone":18,"minecraft:dark_oak_log":6,"minecraft:mossy_cobblestone":2,"sons_of_sins:flesh_of_demise":1,"artifacts:plastic_drinking_hat":1,"minecraft:blue_terracotta":1,"minecraft:spruce_boat":2,"minecraft:crossbow":1,"minecraft:bread":57,"minecraft:emerald":6,"minecraft:oak_sapling":4,"minecraft:bricks":1,"iceandfire:silver_nugget":14,"minecraft:charcoal":4,"minecraft:crafting_table":5,"minecraft:allium":4,"minecraft:ladder":1,"minecraft:clay_ball":4,"minecraft:turtle_helmet":1,"ecologics:seashell":1,"minecraft:brown_mushroom":16,"minecraft:wooden_pickaxe":3,"minecraft:gold_block":1,"minecraft:shield":3,"iceandfire:sea_serpent_scales_blue":2,"minecraft:cornflower":3,"minecraft:red_bed":2,"minecraft:moss_carpet":13,"minecraft:iron_axe":1,"minecraft:flint_and_steel":1,"minecraft:item_frame":1,"minecraft:birch_fence":4,"minecraft:blackstone":1,"minecraft:candle":6,"minecraft:beef":2,"minecraft:jungle_sapling":2,"minecraft:iron_nugget":16,"minecraft:poppy":2,"minecraft:lectern":2,"minecraft:birch_sapling":1,"supplementaries:rope":5,"minecraft:sugar_cane":28,"iceandfire:dragonbone":54,"minecraft:sandstone":49,"ecologics:coconut_slice":26,"artifacts:charm_of_sinking":1,"iceandfire:deathworm_chitin_red":19,"minecraft:bowl":4,"minecraft:spruce_fence":1,"farmersdelight:tomato_seeds":1,"minecraft:quartz_pillar":6,"minecraft:stone_button":1,"minecraft:trident":4,"minecraft:carrot":33,"minecraft:stone_pressure_plate":1,"minecraft:dark_oak_planks":1,"minecraft:smooth_sandstone_slab":2,"minecraft:tnt":8,"minecraft:arrow":20,"minecraft:beetroot_seeds":82,"iceandfire:chared_dirt":28,"minecraft:hay_block":62,"minecraft:sandstone_stairs":1,"minecraft:pink_tulip":2,"minecraft:saddle":3,"tombstone:essence_of_undeath":1,"minecraft:white_wool":2,"minecraft:glow_berries":4,"minecraft:mutton":8,"minecraft:rail":6,"minecraft:bone_block":1,"iceandfire:sea_serpent_fang":1,"minecraft:cut_sandstone":19,"minecraft:leather":4,"minecraft:red_mushroom":16,"minecraft:ochre_froglight":4,"minecraft:birch_planks":44,"spelunkers_charm:old_miners_bundle":1,"minecraft:brown_concrete":11,"minecraft:lily_pad":1,"minecraft:yellow_bed":8,"minecraft:gunpowder":5,"minecraft:blue_bed":7,"tombstone:gift":1,"minecraft:orange_terracotta":3,"minecraft:smooth_sandstone":1,"minecraft:stone_bricks":6,"farmersdelight:cooking_pot":2,"minecraft:kelp":14,"minecraft:rabbit_hide":18,"minecraft:iron_ingot":10,"minecraft:stone_pickaxe":3,"minecraft:stripped_oak_wood":4,"tombstone:bag_of_seeds":1,"minecraft:flowering_azalea":1,"minecraft:iron_sword":8,"iceandfire:copper_nugget":10,"iceandfire:ash":1,"minecraft:dandelion":2,"waystones:mossy_waystone":3,"minecraft:gravel":4,"minecraft:spruce_sapling":3,"minecraft:spruce_log":1,"minecraft:spruce_door":3,"minecraft:spider_eye":2,"minecraft:oak_wood":21,"minecraft:stone_axe":1,"minecraft:oak_button":2,"iceandfire:chared_gravel":10,"minecraft:coal":19,"minecraft:sunflower":3},"minecraft:mined":{"minecraft:dark_oak_planks":1,"minecraft:stone_pressure_plate":1,"iceandfire:copper_pile":3,"minecraft:jungle_leaves":37,"minecraft:brewing_stand":1,"minecraft:cave_vines_plant":1,"minecraft:grass_block":22,"minecraft:coal_block":1,"minecraft:sandstone_stairs":1,"minecraft:spawner":3,"spelunkers_charm:clay_pile_3":1,"minecraft:fire":5,"minecraft:pumpkin":5,"minecraft:moss_carpet":6,"minecraft:anvil":1,"minecraft:cave_vines":1,"iceandfire:gold_pile":12,"minecraft:flowering_azalea_leaves":9,"minecraft:smooth_sandstone_stairs":1,"minecraft:pink_tulip":1,"ecologics:walnut_log":1,"minecraft:azalea_leaves":5,"minecraft:iron_block":1,"minecraft:green_bed":7,"minecraft:sandstone_slab":1,"minecraft:cut_sandstone":20,"minecraft:magenta_carpet":1,"minecraft:brown_mushroom":4,"minecraft:jungle_door":6,"minecraft:quartz_block":1,"ecologics:pot":3,"minecraft:red_bed":2,"minecraft:blackstone":1,"minecraft:kelp_plant":2,"minecraft:orange_terracotta":2,"minecraft:torch":4,"minecraft:calcite":50,"minecraft:melon":5,"minecraft:white_stained_glass_pane":1,"minecraft:dead_bush":9,"minecraft:mushroom_stem":19,"minecraft:polished_diorite_slab":1,"minecraft:cobblestone":3,"minecraft:bricks":1,"minecraft:oak_planks":2,"minecraft:grindstone":1,"minecraft:sugar_cane":2,"minecraft:damaged_anvil":1,"minecraft:smooth_sandstone_slab":2,"minecraft:iron_door":1,"minecraft:wall_torch":5,"minecraft:pink_petals":1,"minecraft:chain":2,"minecraft:jungle_wood":1,"ecologics:seashell":1,"minecraft:birch_log":15,"minecraft:lilac":1,"minecraft:jukebox":1,"minecraft:stone_brick_stairs":1,"minecraft:tnt":1,"minecraft:smooth_stone_slab":3,"minecraft:yellow_stained_glass_pane":5,"minecraft:grass":24,"minecraft:beetroots":1,"minecraft:sand":79,"minecraft:dirt":12,"minecraft:red_mushroom_block":11,"minecraft:tube_coral":1,"minecraft:brown_concrete":5,"minecraft:mossy_cobblestone":1,"minecraft:potted_wither_rose":1,"minecraft:candle":1,"minecraft:sea_lantern":1,"minecraft:allium":1,"minecraft:spruce_fence":1,"iceandfire:chared_dirt":11,"minecraft:spruce_leaves":10,"minecraft:kelp":2,"minecraft:moss_block":168,"minecraft:sandstone":7,"minecraft:large_fern":1,"minecraft:hay_block":62,"minecraft:horn_coral":1,"minecraft:furnace":2,"minecraft:chiseled_sandstone":13,"iceandfire:chared_gravel":10,"minecraft:gold_block":1,"minecraft:vine":6,"minecraft:stone":13,"minecraft:bone_block":1,"minecraft:brain_coral":1,"farmersdelight:cooking_pot":1,"minecraft:smooth_sandstone":1,"minecraft:crafting_table":2,"minecraft:oak_wood":1,"ecologics:walnut_leaves":2,"minecraft:lectern":1,"minecraft:campfire":2,"minecraft:andesite_wall":2,"minecraft:tall_grass":1,"minecraft:deepslate_coal_ore":1,"farmersdelight:wild_tomatoes":1,"minecraft:lily_pad":1,"minecraft:blue_bed":7,"minecraft:prismarine_bricks":1,"minecraft:spruce_stairs":2,"minecraft:bubble_coral":1,"minecraft:spruce_log":1,"minecraft:birch_leaves":8,"iceandfire:ash":1,"minecraft:quartz_pillar":6,"minecraft:yellow_bed":8,"iceandfire:silver_pile":4,"minecraft:ochre_froglight":4,"minecraft:sunflower":2,"minecraft:gravel":5,"minecraft:cobweb":1,"minecraft:brown_terracotta":3,"minecraft:stone_bricks":2,"minecraft:small_dripleaf":3,"minecraft:birch_fence":7,"minecraft:fern":5,"paraglider:goddess_statue":1},"minecraft:broken":{"minecraft:iron_boots":1,"minecraft:iron_leggings":1,"minecraft:iron_sword":1,"minecraft:wooden_axe":1,"minecraft:shield":2,"minecraft:iron_helmet":1,"aether:leather_gloves":1}},"DataVersion":3465}