{"stats":{"minecraft:custom":{"minecraft:mob_kills":54,"minecraft:interact_with_crafting_table":21,"minecraft:open_barrel":18,"minecraft:damage_dealt_resisted":369,"minecraft:leave_game":8,"minecraft:time_since_death":10303,"minecraft:climb_one_cm":23887,"minecraft:sprint_one_cm":700642,"minecraft:walk_one_cm":333576,"minecraft:damage_blocked_by_shield":2310,"minecraft:drop":110,"minecraft:talked_to_villager":5,"minecraft:play_time":265104,"minecraft:sneak_time":6211,"minecraft:deaths":26,"minecraft:walk_under_water_one_cm":8974,"minecraft:boat_one_cm":17798,"minecraft:jump":3098,"minecraft:walk_on_water_one_cm":28963,"minecraft:total_world_time":265104,"minecraft:interact_with_furnace":3,"tombstone:raider_killed":1,"minecraft:sleep_in_bed":10,"minecraft:time_since_rest":10041,"minecraft:damage_taken":13029,"minecraft:trigger_trapped_chest":2,"minecraft:damage_dealt":10167,"minecraft:swim_one_cm":32176,"minecraft:fly_one_cm":652177,"minecraft:open_chest":54,"minecraft:crouch_one_cm":11630,"tombstone:undead_killed":29,"minecraft:fall_one_cm":75074,"minecraft:horse_one_cm":353},"minecraft:crafted":{"minecraft:oak_planks":80,"farmersdelight:potato_crate":2,"minecraft:mushroom_stew":8,"farmersdelight:carrot_crate":3,"minecraft:stone_pickaxe":1,"minecraft:chest":2,"backpacked:backpack":1,"minecraft:wheat":198,"minecraft:crafting_table":2,"farmersdelight:rice_bag":1,"minecraft:spruce_planks":4,"minecraft:iron_helmet":1,"minecraft:bowl":8,"minecraft:birch_planks":60,"minecraft:bread":82,"minecraft:jungle_planks":4,"minecraft:stick":16,"minecraft:iron_ingot":9,"minecraft:stone_sword":2,"minecraft:gold_ingot":9,"minecraft:torch":4,"minecraft:clay":1},"minecraft:killed_by":{"minecraft:husk":1,"minecraft:player":5},"minecraft:dropped":{"farmersdelight:tomato_seeds":4,"minecraft:enchanted_book":2,"minecraft:bread":1,"minecraft:iron_sword":3,"minecraft:moss_block":19,"minecraft:birch_planks":2,"minecraft:wheat_seeds":2,"minecraft:crafting_table":1,"minecraft:sandstone_stairs":1,"minecraft:cobblestone":8,"minecraft:rail":6,"farmersdelight:rice":2,"minecraft:mushroom_stew":4,"minecraft:stick":17,"minecraft:dirt":13,"minecraft:birch_fence":3,"iceandfire:copper_nugget":10,"tombstone:grave_key":4,"tombstone:grave_dust":3,"minecraft:iron_leggings":1,"minecraft:gold_nugget":15,"minecraft:bone_block":1,"minecraft:sand":16,"minecraft:iron_pickaxe":1,"minecraft:smooth_sandstone":1,"minecraft:spruce_sapling":3,"minecraft:chiseled_sandstone":4,"minecraft:dandelion":2,"minecraft:bone":4,"iceandfire:silver_nugget":14,"minecraft:blue_terracotta":1,"minecraft:stone_axe":1,"minecraft:moss_carpet":8,"minecraft:blackstone":1,"minecraft:sugar_cane":12,"minecraft:wheat":2,"farmersdelight:cabbage_seeds":4,"minecraft:beetroot":1,"minecraft:rotten_flesh":8,"minecraft:carrot":6,"minecraft:rabbit_foot":4,"minecraft:potato":8,"minecraft:gunpowder":2,"minecraft:oak_button":2,"minecraft:orange_terracotta":2,"minecraft:beetroot_seeds":36,"minecraft:ladder":1,"farmersdelight:rope":9,"minecraft:stone_bricks":3,"minecraft:arrow":5,"minecraft:stone_pickaxe":2,"minecraft:wooden_pickaxe":1,"minecraft:calcite":4,"iceandfire:manuscript":18},"minecraft:used":{"minecraft:stone_sword":60,"minecraft:moss_block":65,"minecraft:chest":2,"minecraft:spruce_planks":4,"minecraft:shield":39,"minecraft:iron_sword":170,"minecraft:torch":9,"minecraft:dirt":19,"minecraft:dark_oak_planks":1,"minecraft:wooden_axe":50,"minecraft:spruce_boat":1,"minecraft:iron_axe":11,"minecraft:iron_helmet":4,"minecraft:iron_boots":1,"farmersdelight:cooking_pot":1,"tombstone:gift":2,"minecraft:potato":2,"minecraft:iron_leggings":1,"minecraft:calcite":53,"minecraft:stone_pickaxe":72,"minecraft:sandstone":5,"minecraft:wooden_pickaxe":12,"minecraft:clay":1,"minecraft:chainmail_helmet":4,"minecraft:blue_bed":2,"minecraft:green_bed":7,"minecraft:crafting_table":3,"minecraft:magenta_bed":2,"minecraft:mushroom_stew":4,"minecraft:bread":76,"minecraft:iron_pickaxe":78,"tombstone:grave_key":2,"minecraft:cobblestone":6,"minecraft:smooth_stone_slab":2},"minecraft:killed":{"iceandfire:hippogryph":1,"minecraft:cave_spider":1,"minecraft:spider":1,"minecraft:skeleton":8,"takesapillage:clay_golem":2,"minecraft:husk":5,"minecraft:rabbit":12,"minecraft:sheep":1,"minecraft:pillager":1,"minecraft:zombie":16,"sons_of_sins:betrayed_guzzler":2,"minecraft:cow":1},"minecraft:picked_up":{"minecraft:wooden_axe":1,"minecraft:charcoal":4,"minecraft:crafting_table":3,"minecraft:wheat":13,"minecraft:allium":4,"minecraft:anvil":1,"minecraft:flower_pot":1,"minecraft:ladder":1,"minecraft:clay_ball":4,"minecraft:brown_mushroom":16,"minecraft:wooden_pickaxe":3,"minecraft:enchanted_book":2,"tombstone:grave_key":3,"minecraft:brewing_stand":1,"minecraft:shield":2,"minecraft:cornflower":3,"iceandfire:manuscript":12,"minecraft:string":11,"minecraft:moss_carpet":12,"minecraft:iron_axe":1,"minecraft:smooth_stone_slab":2,"minecraft:item_frame":1,"minecraft:birch_fence":4,"minecraft:blackstone":1,"minecraft:beetroot":22,"minecraft:candle":6,"minecraft:gold_nugget":94,"bosses_of_mass_destruction:soul_star":1,"minecraft:beef":2,"minecraft:calcite":43,"minecraft:iron_pickaxe":4,"minecraft:poppy":2,"minecraft:lectern":2,"minecraft:sugar_cane":28,"supplementaries:rope":5,"farmersdelight:cabbage_seeds":4,"minecraft:furnace":3,"minecraft:stick":28,"minecraft:sandstone":9,"iceandfire:dragonbone":44,"minecraft:brown_terracotta":1,"iceandfire:deathworm_chitin_red":8,"minecraft:torch":25,"minecraft:bowl":4,"minecraft:green_bed":8,"farmersdelight:tomato_seeds":1,"tombstone:grave_dust":10,"minecraft:carrot":33,"minecraft:green_terracotta":1,"minecraft:rabbit_foot":4,"minecraft:stone_pressure_plate":1,"minecraft:dark_oak_planks":1,"minecraft:smooth_sandstone_slab":2,"minecraft:cactus":1,"minecraft:arrow":18,"minecraft:rotten_flesh":33,"minecraft:beetroot_seeds":82,"iceandfire:deathworm_chitin_yellow":3,"minecraft:hay_block":24,"minecraft:sandstone_stairs":1,"minecraft:iron_block":1,"minecraft:red_tulip":3,"minecraft:pink_tulip":2,"farmersdelight:rope":9,"minecraft:saddle":2,"tombstone:essence_of_undeath":1,"minecraft:mutton":2,"minecraft:bone_block":1,"minecraft:glow_berries":4,"minecraft:rail":6,"minecraft:white_wool":2,"minecraft:cobblestone":21,"minecraft:birch_log":18,"minecraft:pink_petals":7,"minecraft:lilac":4,"minecraft:iron_door":1,"minecraft:leather":2,"minecraft:cut_sandstone":1,"minecraft:jungle_wood":4,"minecraft:red_mushroom":16,"minecraft:potato":27,"minecraft:birch_planks":44,"spelunkers_charm:old_miners_bundle":1,"paraglider:spirit_orb":7,"minecraft:brown_concrete":11,"minecraft:smooth_sandstone_stairs":1,"minecraft:lily_pad":1,"minecraft:magenta_bed":2,"minecraft:gunpowder":4,"artifacts:pickaxe_heater":1,"minecraft:blue_bed":3,"minecraft:dirt":52,"tombstone:gift":1,"minecraft:orange_terracotta":2,"minecraft:smooth_sandstone":1,"minecraft:bone":6,"minecraft:stone_bricks":6,"farmersdelight:cooking_pot":2,"minecraft:wheat_seeds":24,"minecraft:rabbit_hide":7,"minecraft:iron_ingot":5,"minecraft:stone_pickaxe":3,"minecraft:stripped_oak_wood":4,"minecraft:rabbit":18,"minecraft:gray_candle":3,"minecraft:moss_block":157,"minecraft:iron_sword":3,"minecraft:flowering_azalea":1,"minecraft:mossy_stone_brick_stairs":2,"iceandfire:copper_nugget":10,"minecraft:dandelion":2,"iceandfire:dragon_skull_fire":2,"minecraft:sand":19,"minecraft:spruce_sapling":3,"minecraft:spruce_log":1,"minecraft:dark_oak_log":6,"minecraft:chiseled_sandstone":8,"minecraft:spruce_door":3,"sons_of_sins:flesh_of_demise":1,"minecraft:mossy_cobblestone":2,"artifacts:plastic_drinking_hat":1,"minecraft:oak_wood":21,"minecraft:blue_terracotta":1,"minecraft:stone_axe":1,"minecraft:spruce_boat":2,"minecraft:oak_button":2,"iceandfire:silver_nugget":14,"minecraft:coal":19},"minecraft:mined":{"minecraft:stone_pressure_plate":1,"minecraft:brown_concrete":5,"minecraft:mossy_cobblestone":1,"minecraft:candle":1,"iceandfire:copper_pile":3,"minecraft:jungle_leaves":37,"minecraft:sea_lantern":1,"minecraft:brewing_stand":1,"minecraft:cave_vines_plant":1,"minecraft:allium":1,"minecraft:grass_block":13,"minecraft:spruce_leaves":10,"minecraft:moss_block":166,"minecraft:sandstone":7,"minecraft:spawner":2,"minecraft:sandstone_stairs":1,"minecraft:large_fern":1,"minecraft:hay_block":24,"minecraft:furnace":2,"spelunkers_charm:clay_pile_3":1,"minecraft:chiseled_sandstone":2,"minecraft:moss_carpet":6,"minecraft:anvil":1,"minecraft:flowering_azalea_leaves":9,"iceandfire:gold_pile":11,"minecraft:cave_vines":1,"minecraft:vine":6,"minecraft:pink_tulip":1,"minecraft:azalea_leaves":5,"minecraft:stone":13,"minecraft:iron_block":1,"minecraft:bone_block":1,"minecraft:green_bed":7,"farmersdelight:cooking_pot":1,"minecraft:sandstone_slab":1,"minecraft:brown_mushroom":4,"minecraft:blackstone":1,"minecraft:orange_terracotta":1,"minecraft:smooth_sandstone":1,"minecraft:crafting_table":2,"minecraft:torch":4,"minecraft:oak_wood":1,"minecraft:calcite":49,"minecraft:dead_bush":8,"minecraft:campfire":2,"minecraft:lectern":1,"minecraft:mushroom_stem":19,"minecraft:cobblestone":3,"minecraft:deepslate_coal_ore":1,"minecraft:iron_door":1,"farmersdelight:wild_tomatoes":1,"minecraft:damaged_anvil":1,"minecraft:sugar_cane":2,"minecraft:lily_pad":1,"minecraft:blue_bed":3,"minecraft:smooth_sandstone_slab":1,"minecraft:wall_torch":3,"minecraft:pink_petals":1,"minecraft:jungle_wood":1,"minecraft:birch_log":15,"minecraft:lilac":1,"minecraft:spruce_log":1,"minecraft:birch_leaves":1,"minecraft:smooth_stone_slab":3,"minecraft:grass":21,"iceandfire:silver_pile":4,"minecraft:beetroots":1,"minecraft:dirt":9,"minecraft:sand":2,"minecraft:cobweb":1,"minecraft:brown_terracotta":3,"minecraft:red_mushroom_block":11,"minecraft:stone_bricks":2,"minecraft:small_dripleaf":3,"minecraft:birch_fence":7,"minecraft:fern":5,"minecraft:dark_oak_planks":1},"minecraft:broken":{"minecraft:wooden_axe":1,"aether:leather_gloves":1}},"DataVersion":3465}