{"stats":{"minecraft:custom":{"minecraft:interact_with_crafting_table":21,"minecraft:open_barrel":18,"minecraft:leave_game":8,"minecraft:time_since_death":28303,"minecraft:sprint_one_cm":778079,"minecraft:damage_blocked_by_shield":2430,"minecraft:drop":139,"minecraft:talked_to_villager":5,"minecraft:play_time":283104,"minecraft:deaths":26,"minecraft:jump":3517,"minecraft:walk_on_water_one_cm":31750,"minecraft:interact_with_furnace":3,"minecraft:sleep_in_bed":11,"minecraft:damage_dealt":10977,"minecraft:crouch_one_cm":11767,"tombstone:undead_killed":30,"minecraft:horse_one_cm":353,"minecraft:mob_kills":65,"minecraft:damage_dealt_resisted":369,"minecraft:climb_one_cm":24225,"minecraft:walk_one_cm":347338,"minecraft:sneak_time":6379,"minecraft:walk_under_water_one_cm":9059,"minecraft:boat_one_cm":17798,"minecraft:total_world_time":283104,"tombstone:raider_killed":2,"minecraft:time_since_rest":4937,"minecraft:damage_taken":13168,"minecraft:trigger_trapped_chest":2,"minecraft:swim_one_cm":33468,"minecraft:fly_one_cm":766587,"minecraft:open_chest":54,"minecraft:fall_one_cm":85340},"minecraft:killed_by":{"minecraft:husk":1,"minecraft:player":5},"minecraft:crafted":{"minecraft:oak_planks":80,"minecraft:iron_boots":1,"minecraft:chest":2,"minecraft:crafting_table":2,"minecraft:spruce_planks":4,"minecraft:iron_helmet":1,"minecraft:birch_planks":60,"minecraft:stick":16,"minecraft:iron_ingot":9,"minecraft:stone_sword":2,"minecraft:gold_ingot":9,"farmersdelight:potato_crate":2,"minecraft:mushroom_stew":8,"farmersdelight:carrot_crate":3,"minecraft:stone_pickaxe":1,"backpacked:backpack":1,"minecraft:wheat":198,"farmersdelight:rice_bag":1,"minecraft:bowl":8,"minecraft:bread":82,"minecraft:jungle_planks":4,"minecraft:torch":4,"minecraft:clay":1},"minecraft:dropped":{"minecraft:iron_sword":5,"minecraft:moss_block":21,"minecraft:birch_planks":2,"minecraft:crafting_table":1,"minecraft:sandstone_stairs":1,"minecraft:rail":6,"farmersdelight:rice":2,"minecraft:dirt":19,"tombstone:bag_of_seeds":1,"minecraft:birch_fence":3,"minecraft:cut_sandstone":1,"minecraft:jungle_sapling":1,"minecraft:gold_nugget":15,"minecraft:bone_block":1,"minecraft:sand":17,"minecraft:iron_pickaxe":1,"minecraft:bone":4,"minecraft:stone_axe":1,"minecraft:blackstone":1,"minecraft:sugar_cane":12,"minecraft:wheat":2,"minecraft:smooth_sandstone_stairs":1,"tombstone:gift":1,"minecraft:beetroot":1,"minecraft:rotten_flesh":8,"minecraft:carrot":6,"minecraft:rabbit_foot":6,"minecraft:rabbit_hide":5,"minecraft:gunpowder":3,"minecraft:beetroot_seeds":49,"minecraft:ladder":1,"farmersdelight:rope":9,"minecraft:arrow":6,"iceandfire:manuscript":18,"farmersdelight:tomato_seeds":4,"minecraft:enchanted_book":2,"minecraft:bread":1,"minecraft:wheat_seeds":2,"minecraft:cobblestone":10,"minecraft:jungle_wood":3,"minecraft:mushroom_stew":4,"minecraft:stick":20,"iceandfire:copper_nugget":10,"tombstone:grave_key":4,"minecraft:iron_door":1,"tombstone:grave_dust":3,"minecraft:iron_leggings":1,"minecraft:smooth_sandstone_slab":2,"minecraft:cactus":1,"minecraft:smooth_sandstone":1,"minecraft:spruce_sapling":3,"minecraft:chiseled_sandstone":4,"minecraft:dandelion":2,"iceandfire:silver_nugget":14,"minecraft:blue_terracotta":1,"minecraft:moss_carpet":8,"farmersdelight:cabbage_seeds":4,"minecraft:potato":8,"minecraft:oak_button":2,"minecraft:orange_terracotta":2,"minecraft:stone_pressure_plate":1,"minecraft:stone_bricks":3,"minecraft:spider_eye":2,"minecraft:sandstone":1,"minecraft:stone_pickaxe":2,"minecraft:wooden_pickaxe":1,"minecraft:calcite":4},"minecraft:used":{"minecraft:moss_block":69,"minecraft:chest":2,"minecraft:shield":41,"minecraft:iron_sword":192,"minecraft:spruce_boat":1,"minecraft:iron_helmet":4,"minecraft:potato":2,"minecraft:stone_pickaxe":72,"minecraft:wooden_pickaxe":12,"minecraft:sandstone":5,"minecraft:chainmail_helmet":4,"minecraft:blue_bed":3,"minecraft:clay":1,"minecraft:mushroom_stew":4,"minecraft:bread":82,"tombstone:grave_key":2,"minecraft:smooth_stone_slab":2,"minecraft:stone_sword":60,"minecraft:spruce_planks":4,"minecraft:torch":9,"minecraft:dirt":19,"minecraft:wooden_axe":50,"minecraft:dark_oak_planks":1,"minecraft:iron_axe":11,"minecraft:iron_boots":1,"farmersdelight:cooking_pot":1,"tombstone:gift":2,"minecraft:iron_leggings":1,"minecraft:calcite":53,"minecraft:green_bed":7,"minecraft:crafting_table":3,"minecraft:magenta_bed":2,"minecraft:iron_pickaxe":81,"minecraft:cobblestone":6},"minecraft:killed":{"minecraft:cave_spider":1,"iceandfire:hippogryph":1,"minecraft:spider":2,"minecraft:skeleton":9,"minecraft:sheep":1,"minecraft:pillager":2,"minecraft:zombie":16,"minecraft:cow":1,"takesapillage:clay_golem":2,"minecraft:husk":5,"minecraft:rabbit":20,"sons_of_sins:betrayed_guzzler":2},"minecraft:picked_up":{"minecraft:wooden_axe":1,"minecraft:wheat":13,"minecraft:flower_pot":1,"minecraft:anvil":1,"minecraft:enchanted_book":2,"minecraft:brewing_stand":1,"tombstone:grave_key":3,"iceandfire:manuscript":12,"minecraft:string":12,"minecraft:smooth_stone_slab":2,"minecraft:beetroot":22,"minecraft:gold_nugget":94,"bosses_of_mass_destruction:soul_star":1,"minecraft:calcite":43,"minecraft:iron_pickaxe":4,"farmersdelight:cabbage_seeds":4,"minecraft:furnace":3,"minecraft:stick":28,"minecraft:brown_terracotta":1,"minecraft:torch":25,"minecraft:green_bed":8,"tombstone:grave_dust":10,"minecraft:green_terracotta":1,"minecraft:rabbit_foot":6,"minecraft:cactus":1,"minecraft:rotten_flesh":35,"iceandfire:deathworm_chitin_yellow":3,"minecraft:red_tulip":3,"minecraft:iron_block":1,"farmersdelight:rope":9,"minecraft:cobblestone":23,"minecraft:birch_log":18,"minecraft:pink_petals":7,"minecraft:lilac":4,"minecraft:iron_door":1,"minecraft:jungle_wood":4,"minecraft:potato":27,"paraglider:spirit_orb":7,"minecraft:smooth_sandstone_stairs":1,"minecraft:magenta_bed":2,"artifacts:pickaxe_heater":1,"minecraft:dirt":52,"minecraft:bone":7,"minecraft:wheat_seeds":24,"minecraft:grindstone":1,"minecraft:rabbit":27,"minecraft:moss_block":158,"minecraft:gray_candle":3,"minecraft:mossy_stone_brick_stairs":2,"iceandfire:dragon_skull_fire":2,"minecraft:sand":19,"minecraft:chiseled_sandstone":8,"minecraft:dark_oak_log":6,"minecraft:mossy_cobblestone":2,"sons_of_sins:flesh_of_demise":1,"artifacts:plastic_drinking_hat":1,"minecraft:blue_terracotta":1,"minecraft:spruce_boat":2,"iceandfire:silver_nugget":14,"minecraft:charcoal":4,"minecraft:crafting_table":3,"minecraft:allium":4,"minecraft:ladder":1,"minecraft:clay_ball":4,"minecraft:brown_mushroom":16,"minecraft:wooden_pickaxe":3,"minecraft:shield":3,"minecraft:cornflower":3,"minecraft:moss_carpet":12,"minecraft:iron_axe":1,"minecraft:item_frame":1,"minecraft:birch_fence":4,"minecraft:blackstone":1,"minecraft:candle":6,"minecraft:beef":2,"minecraft:poppy":2,"minecraft:lectern":2,"supplementaries:rope":5,"minecraft:sugar_cane":28,"iceandfire:dragonbone":44,"minecraft:sandstone":9,"iceandfire:deathworm_chitin_red":8,"minecraft:bowl":4,"farmersdelight:tomato_seeds":1,"minecraft:carrot":33,"minecraft:stone_pressure_plate":1,"minecraft:dark_oak_planks":1,"minecraft:smooth_sandstone_slab":2,"minecraft:arrow":20,"minecraft:beetroot_seeds":82,"minecraft:hay_block":24,"minecraft:sandstone_stairs":1,"minecraft:pink_tulip":2,"minecraft:saddle":2,"tombstone:essence_of_undeath":1,"minecraft:white_wool":2,"minecraft:glow_berries":4,"minecraft:mutton":2,"minecraft:rail":6,"minecraft:bone_block":1,"minecraft:cut_sandstone":1,"minecraft:leather":2,"minecraft:red_mushroom":16,"minecraft:birch_planks":44,"spelunkers_charm:old_miners_bundle":1,"minecraft:brown_concrete":11,"minecraft:lily_pad":1,"minecraft:gunpowder":5,"minecraft:blue_bed":4,"tombstone:gift":1,"minecraft:orange_terracotta":2,"minecraft:smooth_sandstone":1,"minecraft:stone_bricks":6,"farmersdelight:cooking_pot":2,"minecraft:rabbit_hide":13,"minecraft:iron_ingot":5,"minecraft:stone_pickaxe":3,"minecraft:stripped_oak_wood":4,"tombstone:bag_of_seeds":1,"minecraft:flowering_azalea":1,"minecraft:iron_sword":6,"iceandfire:copper_nugget":10,"minecraft:dandelion":2,"minecraft:spruce_sapling":3,"minecraft:spruce_log":1,"minecraft:spruce_door":3,"minecraft:spider_eye":2,"minecraft:oak_wood":21,"minecraft:stone_axe":1,"minecraft:oak_button":2,"minecraft:coal":19},"minecraft:mined":{"minecraft:dark_oak_planks":1,"minecraft:stone_pressure_plate":1,"iceandfire:copper_pile":3,"minecraft:jungle_leaves":37,"minecraft:brewing_stand":1,"minecraft:cave_vines_plant":1,"minecraft:grass_block":13,"minecraft:sandstone_stairs":1,"minecraft:spawner":2,"spelunkers_charm:clay_pile_3":1,"minecraft:moss_carpet":6,"minecraft:anvil":1,"minecraft:cave_vines":1,"iceandfire:gold_pile":11,"minecraft:flowering_azalea_leaves":9,"minecraft:pink_tulip":1,"minecraft:azalea_leaves":5,"minecraft:iron_block":1,"minecraft:green_bed":7,"minecraft:sandstone_slab":1,"minecraft:brown_mushroom":4,"ecologics:pot":1,"minecraft:blackstone":1,"minecraft:orange_terracotta":1,"minecraft:torch":4,"minecraft:calcite":49,"minecraft:dead_bush":9,"minecraft:mushroom_stem":19,"minecraft:cobblestone":3,"minecraft:grindstone":1,"minecraft:sugar_cane":2,"minecraft:damaged_anvil":1,"minecraft:smooth_sandstone_slab":1,"minecraft:iron_door":1,"minecraft:wall_torch":3,"minecraft:pink_petals":1,"minecraft:chain":2,"minecraft:jungle_wood":1,"minecraft:birch_log":15,"minecraft:lilac":1,"minecraft:smooth_stone_slab":3,"minecraft:grass":21,"minecraft:beetroots":1,"minecraft:sand":4,"minecraft:dirt":9,"minecraft:red_mushroom_block":11,"minecraft:brown_concrete":5,"minecraft:mossy_cobblestone":1,"minecraft:candle":1,"minecraft:sea_lantern":1,"minecraft:allium":1,"minecraft:spruce_leaves":10,"minecraft:moss_block":168,"minecraft:sandstone":7,"minecraft:large_fern":1,"minecraft:hay_block":24,"minecraft:furnace":2,"minecraft:chiseled_sandstone":2,"minecraft:vine":6,"minecraft:stone":13,"minecraft:bone_block":1,"farmersdelight:cooking_pot":1,"minecraft:smooth_sandstone":1,"minecraft:crafting_table":2,"minecraft:oak_wood":1,"minecraft:lectern":1,"minecraft:campfire":2,"minecraft:deepslate_coal_ore":1,"farmersdelight:wild_tomatoes":1,"minecraft:lily_pad":1,"minecraft:blue_bed":4,"minecraft:spruce_log":1,"minecraft:birch_leaves":1,"iceandfire:silver_pile":4,"minecraft:cobweb":1,"minecraft:brown_terracotta":3,"minecraft:stone_bricks":2,"minecraft:small_dripleaf":3,"minecraft:birch_fence":7,"minecraft:fern":5},"minecraft:broken":{"minecraft:wooden_axe":1,"aether:leather_gloves":1}},"DataVersion":3465}