{"stats":{"minecraft:custom":{"minecraft:interact_with_crafting_table":33,"minecraft:open_barrel":25,"minecraft:eat_cake_slice":6,"minecraft:leave_game":8,"minecraft:time_since_death":712,"minecraft:sprint_one_cm":1119515,"minecraft:damage_blocked_by_shield":3435,"minecraft:drop":173,"minecraft:talked_to_villager":5,"minecraft:play_time":367104,"minecraft:deaths":41,"minecraft:jump":4492,"minecraft:walk_on_water_one_cm":49362,"minecraft:interact_with_furnace":3,"minecraft:play_record":2,"minecraft:sleep_in_bed":15,"minecraft:open_enderchest":11,"minecraft:damage_dealt":16026,"minecraft:crouch_one_cm":12098,"tombstone:undead_killed":30,"minecraft:interact_with_smoker":4,"minecraft:horse_one_cm":353,"minecraft:mob_kills":81,"minecraft:damage_dealt_resisted":369,"minecraft:climb_one_cm":30166,"minecraft:walk_one_cm":504731,"minecraft:sneak_time":6788,"minecraft:walk_under_water_one_cm":44710,"minecraft:boat_one_cm":48133,"minecraft:interact_with_lectern":1,"minecraft:total_world_time":367104,"tombstone:raider_killed":18,"minecraft:time_since_rest":460,"minecraft:damage_taken":21092,"minecraft:trigger_trapped_chest":2,"minecraft:swim_one_cm":132495,"minecraft:fly_one_cm":979174,"minecraft:open_chest":79,"minecraft:fall_one_cm":121256},"minecraft:killed_by":{"minecraft:husk":1,"minecraft:player":5},"minecraft:crafted":{"minecraft:oak_planks":80,"minecraft:iron_boots":1,"minecraft:chest":2,"minecraft:crafting_table":2,"minecraft:spruce_planks":4,"minecraft:iron_helmet":1,"minecraft:birch_planks":60,"minecraft:shield":2,"minecraft:stick":16,"minecraft:iron_ingot":17,"minecraft:stone_sword":2,"minecraft:gold_ingot":17,"minecraft:sandstone":4,"farmersdelight:potato_crate":2,"minecraft:mushroom_stew":8,"minecraft:flint_and_steel":1,"farmersdelight:carrot_crate":3,"minecraft:stone_pickaxe":1,"backpacked:backpack":1,"minecraft:wheat":540,"farmersdelight:rice_bag":1,"minecraft:bowl":8,"minecraft:bread":196,"minecraft:jungle_planks":4,"minecraft:torch":4,"minecraft:clay":1},"minecraft:dropped":{"minecraft:iron_sword":6,"minecraft:moss_block":85,"minecraft:birch_planks":2,"minecraft:crafting_table":1,"minecraft:sandstone_stairs":1,"minecraft:saddle":1,"minecraft:rail":6,"farmersdelight:rice":2,"minecraft:emerald":1,"minecraft:dirt":19,"tombstone:bag_of_seeds":1,"minecraft:birch_fence":3,"minecraft:cut_sandstone":3,"minecraft:jungle_sapling":1,"minecraft:gold_nugget":39,"minecraft:bone_block":1,"minecraft:gray_candle":9,"minecraft:sand":20,"minecraft:iron_pickaxe":2,"minecraft:bone":5,"minecraft:stone_axe":1,"minecraft:blackstone":1,"minecraft:sugar_cane":12,"minecraft:iron_nugget":15,"minecraft:wheat":2,"minecraft:smooth_sandstone_stairs":1,"tombstone:gift":1,"minecraft:beetroot":1,"paraglider:goddess_statue":1,"minecraft:rotten_flesh":38,"minecraft:oak_planks":1,"minecraft:carrot":6,"minecraft:rabbit_foot":6,"minecraft:rabbit_hide":5,"minecraft:gunpowder":3,"minecraft:beetroot_seeds":49,"minecraft:ladder":1,"farmersdelight:rope":9,"minecraft:arrow":7,"iceandfire:manuscript":18,"farmersdelight:tomato_seeds":4,"minecraft:enchanted_book":2,"minecraft:bread":58,"minecraft:magenta_carpet":1,"minecraft:wheat_seeds":2,"minecraft:cobblestone":10,"minecraft:jungle_wood":3,"minecraft:mushroom_stew":4,"minecraft:stick":20,"iceandfire:copper_nugget":10,"minecraft:torch":2,"tombstone:grave_key":5,"minecraft:iron_door":1,"tombstone:grave_dust":3,"minecraft:iron_leggings":1,"minecraft:wither_rose":1,"minecraft:smooth_sandstone_slab":2,"minecraft:cactus":1,"minecraft:smooth_sandstone":1,"minecraft:spruce_sapling":3,"minecraft:chiseled_sandstone":9,"minecraft:dandelion":2,"iceandfire:silver_nugget":14,"minecraft:blue_terracotta":1,"minecraft:moss_carpet":9,"farmersdelight:cabbage_seeds":4,"minecraft:flint_and_steel":1,"minecraft:potato":8,"minecraft:oak_button":2,"minecraft:orange_terracotta":2,"minecraft:stone_pressure_plate":1,"minecraft:stone_bricks":3,"minecraft:spider_eye":2,"minecraft:sandstone":1,"minecraft:stone_pickaxe":2,"minecraft:wooden_pickaxe":1,"minecraft:calcite":4},"minecraft:used":{"minecraft:moss_block":69,"minecraft:chest":2,"minecraft:shield":58,"minecraft:iron_sword":286,"minecraft:spruce_boat":1,"minecraft:quartz_pillar":5,"minecraft:quartz_block":1,"minecraft:iron_helmet":4,"minecraft:potato":2,"minecraft:stone_pickaxe":72,"minecraft:oak_planks":1,"minecraft:wooden_pickaxe":12,"minecraft:sandstone":5,"minecraft:chainmail_helmet":4,"minecraft:blue_bed":7,"minecraft:clay":1,"minecraft:sand":7,"minecraft:mushroom_stew":4,"minecraft:crossbow":1,"minecraft:chiseled_sandstone":2,"minecraft:bread":131,"tombstone:grave_key":3,"minecraft:gravel":4,"minecraft:smooth_stone_slab":2,"minecraft:stone_sword":60,"minecraft:flint_and_steel":8,"minecraft:spruce_planks":4,"minecraft:torch":13,"minecraft:dirt":19,"minecraft:music_disc_mellohi":1,"minecraft:wooden_axe":50,"minecraft:dark_oak_planks":1,"minecraft:iron_axe":11,"minecraft:iron_boots":1,"farmersdelight:cooking_pot":1,"tombstone:gift":3,"minecraft:cooked_beef":2,"minecraft:iron_leggings":1,"minecraft:calcite":53,"minecraft:cut_sandstone":14,"minecraft:green_bed":7,"minecraft:crafting_table":4,"minecraft:magenta_bed":2,"minecraft:music_disc_strad":1,"minecraft:iron_pickaxe":110,"minecraft:cobblestone":6,"minecraft:jungle_door":7},"minecraft:killed":{"minecraft:cave_spider":1,"iceandfire:hippogryph":1,"minecraft:spider":2,"minecraft:skeleton":9,"minecraft:sheep":1,"minecraft:pillager":11,"minecraft:zombie":16,"minecraft:cow":1,"minecraft:vindicator":7,"takesapillage:clay_golem":2,"minecraft:husk":5,"minecraft:rabbit":20,"sons_of_sins:betrayed_guzzler":2},"minecraft:picked_up":{"minecraft:wooden_axe":1,"minecraft:wheat":13,"minecraft:flower_pot":2,"minecraft:anvil":1,"minecraft:magenta_carpet":2,"minecraft:wither_rose":1,"minecraft:enchanted_book":2,"minecraft:brewing_stand":1,"tombstone:grave_key":4,"iceandfire:manuscript":12,"paraglider:goddess_statue":2,"minecraft:string":12,"minecraft:smooth_stone_slab":2,"minecraft:beetroot":22,"minecraft:gold_nugget":111,"bosses_of_mass_destruction:soul_star":1,"minecraft:calcite":43,"minecraft:iron_pickaxe":5,"farmersdelight:cabbage_seeds":4,"minecraft:furnace":3,"minecraft:stick":28,"minecraft:jungle_door":12,"minecraft:brown_terracotta":1,"minecraft:torch":33,"minecraft:green_bed":8,"tombstone:grave_dust":10,"minecraft:green_terracotta":1,"minecraft:rabbit_foot":6,"minecraft:quartz_block":1,"minecraft:cactus":1,"minecraft:rotten_flesh":65,"iceandfire:deathworm_chitin_yellow":3,"minecraft:red_tulip":3,"minecraft:iron_block":1,"farmersdelight:rope":9,"minecraft:cobblestone":23,"paraglider:paraglider":1,"minecraft:birch_log":18,"minecraft:enchanting_table":1,"minecraft:pink_petals":7,"minecraft:lilac":4,"minecraft:iron_door":1,"minecraft:jungle_wood":4,"minecraft:potato":27,"paraglider:spirit_orb":9,"minecraft:flint":1,"minecraft:prismarine_bricks":1,"minecraft:smooth_sandstone_stairs":2,"minecraft:magenta_bed":2,"artifacts:pickaxe_heater":1,"minecraft:dirt":52,"minecraft:purple_carpet":2,"minecraft:bone":7,"minecraft:wheat_seeds":24,"minecraft:grindstone":1,"minecraft:rabbit":27,"minecraft:moss_block":222,"minecraft:gray_candle":9,"minecraft:oak_planks":1,"minecraft:mossy_stone_brick_stairs":2,"iceandfire:dragon_skull_fire":3,"minecraft:sand":65,"minecraft:chiseled_sandstone":18,"minecraft:dark_oak_log":6,"minecraft:mossy_cobblestone":2,"sons_of_sins:flesh_of_demise":1,"artifacts:plastic_drinking_hat":1,"minecraft:blue_terracotta":1,"minecraft:spruce_boat":2,"minecraft:crossbow":1,"minecraft:bread":57,"minecraft:emerald":6,"iceandfire:silver_nugget":14,"minecraft:charcoal":4,"minecraft:crafting_table":4,"minecraft:allium":4,"minecraft:ladder":1,"minecraft:clay_ball":4,"minecraft:brown_mushroom":16,"minecraft:wooden_pickaxe":3,"minecraft:shield":3,"minecraft:cornflower":3,"minecraft:moss_carpet":13,"minecraft:iron_axe":1,"minecraft:flint_and_steel":1,"minecraft:item_frame":1,"minecraft:birch_fence":4,"minecraft:blackstone":1,"minecraft:candle":6,"minecraft:beef":2,"minecraft:iron_nugget":8,"minecraft:poppy":2,"minecraft:lectern":2,"supplementaries:rope":5,"minecraft:sugar_cane":28,"iceandfire:dragonbone":54,"minecraft:sandstone":9,"artifacts:charm_of_sinking":1,"iceandfire:deathworm_chitin_red":8,"minecraft:bowl":4,"minecraft:spruce_fence":1,"farmersdelight:tomato_seeds":1,"minecraft:quartz_pillar":6,"minecraft:carrot":33,"minecraft:stone_pressure_plate":1,"minecraft:dark_oak_planks":1,"minecraft:smooth_sandstone_slab":2,"minecraft:arrow":20,"minecraft:beetroot_seeds":82,"minecraft:hay_block":62,"minecraft:sandstone_stairs":1,"minecraft:pink_tulip":2,"minecraft:saddle":3,"tombstone:essence_of_undeath":1,"minecraft:white_wool":2,"minecraft:glow_berries":4,"minecraft:mutton":2,"minecraft:rail":6,"minecraft:bone_block":1,"minecraft:cut_sandstone":19,"minecraft:leather":2,"minecraft:red_mushroom":16,"minecraft:birch_planks":44,"spelunkers_charm:old_miners_bundle":1,"minecraft:brown_concrete":11,"minecraft:lily_pad":1,"minecraft:yellow_bed":1,"minecraft:gunpowder":5,"minecraft:blue_bed":7,"tombstone:gift":1,"minecraft:orange_terracotta":3,"minecraft:smooth_sandstone":1,"minecraft:stone_bricks":6,"farmersdelight:cooking_pot":2,"minecraft:kelp":14,"minecraft:rabbit_hide":18,"minecraft:iron_ingot":5,"minecraft:stone_pickaxe":3,"minecraft:stripped_oak_wood":4,"tombstone:bag_of_seeds":1,"minecraft:flowering_azalea":1,"minecraft:iron_sword":7,"iceandfire:copper_nugget":10,"minecraft:dandelion":2,"minecraft:gravel":4,"minecraft:spruce_sapling":3,"minecraft:spruce_log":1,"minecraft:spruce_door":3,"minecraft:spider_eye":2,"minecraft:oak_wood":21,"minecraft:stone_axe":1,"minecraft:oak_button":2,"minecraft:coal":19},"minecraft:mined":{"minecraft:dark_oak_planks":1,"minecraft:stone_pressure_plate":1,"iceandfire:copper_pile":3,"minecraft:jungle_leaves":37,"minecraft:brewing_stand":1,"minecraft:cave_vines_plant":1,"minecraft:grass_block":13,"minecraft:coal_block":1,"minecraft:sandstone_stairs":1,"minecraft:spawner":3,"spelunkers_charm:clay_pile_3":1,"minecraft:fire":3,"minecraft:pumpkin":5,"minecraft:moss_carpet":6,"minecraft:anvil":1,"minecraft:cave_vines":1,"iceandfire:gold_pile":11,"minecraft:flowering_azalea_leaves":9,"minecraft:smooth_sandstone_stairs":1,"minecraft:pink_tulip":1,"minecraft:azalea_leaves":5,"minecraft:iron_block":1,"minecraft:green_bed":7,"minecraft:sandstone_slab":1,"minecraft:cut_sandstone":20,"minecraft:magenta_carpet":1,"minecraft:brown_mushroom":4,"minecraft:jungle_door":6,"minecraft:quartz_block":1,"ecologics:pot":3,"minecraft:blackstone":1,"minecraft:kelp_plant":2,"minecraft:orange_terracotta":2,"minecraft:torch":4,"minecraft:calcite":49,"minecraft:melon":5,"minecraft:dead_bush":9,"minecraft:mushroom_stem":19,"minecraft:cobblestone":3,"minecraft:oak_planks":2,"minecraft:grindstone":1,"minecraft:sugar_cane":2,"minecraft:damaged_anvil":1,"minecraft:smooth_sandstone_slab":2,"minecraft:iron_door":1,"minecraft:wall_torch":5,"minecraft:pink_petals":1,"minecraft:chain":2,"minecraft:jungle_wood":1,"minecraft:birch_log":15,"minecraft:lilac":1,"minecraft:jukebox":1,"minecraft:smooth_stone_slab":3,"minecraft:grass":21,"minecraft:beetroots":1,"minecraft:sand":49,"minecraft:dirt":9,"minecraft:red_mushroom_block":11,"minecraft:brown_concrete":5,"minecraft:mossy_cobblestone":1,"minecraft:potted_wither_rose":1,"minecraft:candle":1,"minecraft:sea_lantern":1,"minecraft:allium":1,"minecraft:spruce_fence":1,"minecraft:spruce_leaves":10,"minecraft:kelp":2,"minecraft:moss_block":168,"minecraft:sandstone":7,"minecraft:large_fern":1,"minecraft:hay_block":62,"minecraft:furnace":2,"minecraft:chiseled_sandstone":13,"minecraft:vine":6,"minecraft:stone":13,"minecraft:bone_block":1,"minecraft:brain_coral":1,"farmersdelight:cooking_pot":1,"minecraft:smooth_sandstone":1,"minecraft:crafting_table":2,"minecraft:oak_wood":1,"minecraft:lectern":1,"minecraft:campfire":2,"minecraft:deepslate_coal_ore":1,"farmersdelight:wild_tomatoes":1,"minecraft:lily_pad":1,"minecraft:blue_bed":7,"minecraft:prismarine_bricks":1,"minecraft:spruce_stairs":2,"minecraft:spruce_log":1,"minecraft:birch_leaves":1,"minecraft:quartz_pillar":6,"minecraft:yellow_bed":1,"iceandfire:silver_pile":4,"minecraft:gravel":5,"minecraft:cobweb":1,"minecraft:brown_terracotta":3,"minecraft:stone_bricks":2,"minecraft:small_dripleaf":3,"minecraft:birch_fence":7,"minecraft:fern":5,"paraglider:goddess_statue":1},"minecraft:broken":{"minecraft:wooden_axe":1,"minecraft:shield":1,"minecraft:iron_helmet":1,"aether:leather_gloves":1}},"DataVersion":3465}