{"stats":{"minecraft:crafted":{"minecraft:cooked_mutton":9,"minecraft:glass":12,"minecraft:bow":1,"minecraft:iron_boots":3,"minecraft:chest":1,"minecraft:cooked_rabbit":2,"minecraft:cooked_porkchop":9,"minecraft:crafting_table":6,"minecraft:spruce_planks":88,"minecraft:jungle_boat":1,"minecraft:iron_helmet":3,"minecraft:wooden_pickaxe":1,"travelersbackpack:standard":1,"travelersbackpack:blue_sleeping_bag":1,"farmersdelight:beef_patty":5,"minecraft:iron_chestplate":2,"minecraft:shield":4,"minecraft:stick":40,"minecraft:iron_ingot":30,"minecraft:stone_shovel":1,"ecologics:coconut_planks":24,"comforts:sleeping_bag_white":2,"minecraft:furnace":3,"minecraft:mushroom_stew":6,"minecraft:iron_axe":1,"minecraft:stone_pickaxe":2,"comforts:sleeping_bag_blue":1,"minecraft:spruce_boat":2,"backpacked:backpack":1,"minecraft:dark_oak_planks":56,"ecologics:coconut_boat":1,"minecraft:wheat":407,"minecraft:cooked_beef":7,"paraglider:paraglider":1,"iceandfire:silver_ingot":4,"travelersbackpack:backpack_tank":2,"minecraft:cooked_salmon":2,"minecraft:bucket":1,"minecraft:stone_axe":2,"minecraft:jungle_planks":64,"minecraft:bread":144,"minecraft:air":0,"minecraft:blue_dye":3,"minecraft:jungle_door":9,"minecraft:white_wool":3,"minecraft:wooden_axe":2,"minecraft:blue_wool":2,"minecraft:iron_leggings":2,"minecraft:torch":88},"minecraft:picked_up":{"minecraft:wheat":9,"minecraft:suspicious_stew":1,"minecraft:sentry_armor_trim_smithing_template":2,"aether:iron_gloves":1,"minecraft:enchanted_book":2,"tombstone:grave_key":1,"minecraft:string":10,"minecraft:raw_copper":16,"minecraft:gold_nugget":14,"bosses_of_mass_destruction:soul_star":1,"comforts:sleeping_bag_white":6,"minecraft:spruce_planks":45,"minecraft:cobblestone_slab":1,"minecraft:azalea":3,"minecraft:iron_pickaxe":1,"minecraft:furnace":6,"minecraft:iron_boots":1,"minecraft:tipped_arrow":1,"minecraft:stick":9,"minecraft:jungle_door":1,"minecraft:torch":16,"ecologics:coconut_seedling":2,"minecraft:spruce_stairs":2,"minecraft:porkchop":3,"tombstone:grave_dust":24,"minecraft:rabbit_foot":5,"minecraft:bamboo_block":1,"minecraft:rotten_flesh":69,"ecologics:coconut_log":6,"supplementaries:ash":1,"minecraft:iron_bars":1,"minecraft:snowball":2,"minecraft:cobblestone":159,"minecraft:birch_log":2,"minecraft:pink_petals":1,"minecraft:leather_chestplate":1,"minecraft:lilac":1,"minecraft:jungle_log":16,"minecraft:black_bed":11,"minecraft:jungle_wood":3,"minecraft:smoker":3,"minecraft:potato":1,"paraglider:spirit_orb":26,"minecraft:smooth_sandstone_stairs":2,"travelersbackpack:gold_tier_upgrade":1,"minecraft:dirt":49,"minecraft:leather_boots":2,"minecraft:bone":74,"minecraft:acacia_planks":1,"minecraft:bow":11,"minecraft:wheat_seeds":11,"minecraft:grindstone":1,"minecraft:rabbit":12,"minecraft:oak_planks":7,"iceandfire:dragon_skull_fire":1,"minecraft:jungle_planks":11,"minecraft:sand":92,"minecraft:dark_oak_log":16,"minecraft:chiseled_sandstone":3,"minecraft:mossy_cobblestone":8,"minecraft:dark_prismarine":13,"minecraft:bundle":2,"minecraft:polished_andesite":3,"comforts:sleeping_bag_blue":2,"minecraft:spruce_boat":2,"minecraft:polished_blackstone_button":1,"minecraft:emerald":2,"minecraft:spruce_sign":2,"minecraft:chainmail_helmet":3,"minecraft:bread":3,"minecraft:chiseled_red_sandstone":1,"minecraft:oak_sapling":1,"iceandfire:silver_nugget":26,"minecraft:bricks":2,"iceandfire:raw_silver":4,"minecraft:coarse_dirt":43,"minecraft:charcoal":26,"minecraft:crafting_table":17,"minecraft:leather_leggings":1,"minecraft:turtle_helmet":1,"minecraft:brown_mushroom":32,"minecraft:gold_block":1,"ecologics:coconut_boat":1,"minecraft:shield":2,"minecraft:cornflower":3,"minecraft:red_bed":2,"minecraft:moss_carpet":7,"minecraft:netherite_sword":1,"minecraft:mossy_cobblestone_wall":1,"minecraft:beef":4,"minecraft:andesite_stairs":1,"minecraft:poppy":2,"minecraft:sugar_cane":58,"minecraft:birch_sapling":3,"minecraft:dark_oak_sapling":1,"minecraft:raw_iron":18,"minecraft:sandstone":1,"iceandfire:dragonbone":10,"iceandfire:deathworm_chitin_red":4,"minecraft:copper_ingot":12,"minecraft:bowl":2,"minecraft:spruce_fence":2,"minecraft:stone_button":1,"minecraft:trident":2,"iceandfire:deathworm_chitin_white":4,"minecraft:redstone":4,"minecraft:dark_oak_planks":60,"minecraft:tnt":7,"minecraft:arrow":69,"minecraft:beetroot_seeds":13,"iceandfire:chared_dirt":24,"minecraft:hay_block":48,"tombstone:essence_of_undeath":1,"minecraft:gold_ingot":3,"minecraft:glow_berries":1,"minecraft:mutton":11,"minecraft:skeleton_skull":2,"minecraft:white_wool":10,"minecraft:jungle_boat":4,"iceandfire:sea_serpent_fang":5,"minecraft:cut_sandstone":5,"minecraft:leather":5,"minecraft:jungle_fence":1,"minecraft:red_mushroom":22,"minecraft:mushroom_stew":4,"minecraft:lily_pad":9,"minecraft:gunpowder":4,"minecraft:blue_bed":4,"minecraft:white_banner":1,"tombstone:gift":1,"minecraft:smooth_sandstone":5,"minecraft:stone_bricks":3,"minecraft:gray_carpet":2,"minecraft:kelp":1,"minecraft:rabbit_hide":10,"minecraft:iron_ingot":1,"minecraft:stone_pickaxe":1,"tombstone:bag_of_seeds":1,"minecraft:iron_sword":5,"minecraft:flowering_azalea":1,"minecraft:dark_oak_stairs":2,"minecraft:sweet_berries":42,"iceandfire:sea_serpent_scales_green":7,"minecraft:stone_brick_slab":1,"iceandfire:ash":7,"minecraft:spyglass":1,"minecraft:gravel":1,"minecraft:amethyst_shard":4,"minecraft:spruce_sapling":3,"minecraft:spruce_log":20,"minecraft:spider_eye":3,"minecraft:oak_wood":5,"minecraft:stone_axe":2,"minecraft:chainmail_leggings":1,"minecraft:gray_wool":1,"tombstone:magic_scroll":2,"minecraft:black_wool":2,"minecraft:coal":124},"minecraft:killed_by":{"iceandfire:fire_dragon":2},"minecraft:killed":{"minecraft:cave_spider":2,"minecraft:spider":2,"minecraft:skeleton":38,"artifacts:mimic":1,"minecraft:pig":1,"minecraft:creeper":1,"minecraft:sheep":6,"minecraft:pillager":12,"minecraft:zombie":69,"cataclysm:deepling":1,"minecraft:stray":1,"iceandfire:sea_serpent":1,"minecraft:cow":3,"minecraft:vindicator":5,"minecraft:horse":2,"iceandfire:deathworm":4,"minecraft:husk":8,"minecraft:rabbit":17},"minecraft:broken":{"aether:golden_gloves":1,"minecraft:iron_boots":1,"minecraft:iron_chestplate":2,"minecraft:iron_leggings":2,"minecraft:stone_axe":2,"minecraft:iron_sword":1,"minecraft:shield":4,"minecraft:iron_pickaxe":1,"minecraft:iron_helmet":3},"minecraft:mined":{"minecraft:dark_oak_planks":19,"minecraft:large_amethyst_bud":2,"minecraft:spruce_planks":1,"minecraft:andesite_stairs":1,"minecraft:chiseled_red_sandstone":2,"minecraft:jungle_leaves":3,"minecraft:budding_amethyst":2,"minecraft:jungle_log":15,"minecraft:bamboo_block":1,"minecraft:spawner":17,"minecraft:mossy_cobblestone_stairs":1,"minecraft:iron_ore":10,"minecraft:fire":21,"minecraft:iron_bars":1,"minecraft:small_amethyst_bud":7,"minecraft:smooth_sandstone_stairs":3,"minecraft:spruce_slab":2,"minecraft:sandstone_slab":1,"minecraft:cut_sandstone":6,"minecraft:brown_mushroom":30,"ecologics:pot":1,"minecraft:red_bed":1,"farmersdelight:organic_compost":1,"minecraft:medium_amethyst_bud":5,"minecraft:smoker":3,"minecraft:amethyst_cluster":1,"minecraft:orange_terracotta":1,"minecraft:powder_snow":3,"minecraft:clay":1,"iceandfire:dragon_ice_spikes":5,"minecraft:torch":2,"minecraft:potted_jungle_sapling":1,"minecraft:calcite":4,"minecraft:mossy_cobblestone_wall":1,"minecraft:dead_bush":2,"minecraft:mushroom_stem":25,"minecraft:cobblestone":84,"minecraft:oak_planks":9,"minecraft:grindstone":1,"minecraft:sugar_cane":22,"minecraft:bricks":2,"minecraft:smooth_sandstone_slab":1,"minecraft:wall_torch":2,"minecraft:amethyst_block":11,"minecraft:blue_terracotta":1,"minecraft:magenta_bed":2,"minecraft:black_bed":11,"minecraft:tnt":9,"minecraft:grass":13,"minecraft:sand":88,"minecraft:dirt":23,"minecraft:sandstone_wall":1,"minecraft:smooth_basalt":1,"minecraft:red_mushroom_block":9,"minecraft:gray_candle":1,"minecraft:dark_prismarine":14,"iceandfire:silver_ore":4,"minecraft:mossy_cobblestone":13,"minecraft:dark_oak_log":16,"minecraft:glow_lichen":1,"minecraft:spruce_fence":2,"minecraft:jungle_planks":11,"minecraft:brown_mushroom_block":4,"iceandfire:frozen_splinters":3,"minecraft:spruce_leaves":6,"minecraft:moss_block":9,"minecraft:red_mushroom":11,"minecraft:sandstone":11,"minecraft:large_fern":1,"minecraft:hay_block":48,"minecraft:horn_coral":1,"minecraft:furnace":7,"minecraft:snow":2,"minecraft:chiseled_sandstone":4,"minecraft:gold_block":1,"minecraft:deepslate_iron_ore":8,"minecraft:cobblestone_slab":1,"minecraft:vine":3,"minecraft:stone":103,"minecraft:white_wool":12,"minecraft:stone_brick_slab":1,"minecraft:smooth_sandstone":2,"minecraft:crafting_table":20,"minecraft:cornflower":3,"minecraft:oak_wood":6,"spelunkers_charm:dead_grass":1,"minecraft:campfire":7,"minecraft:copper_ore":5,"minecraft:tall_grass":1,"minecraft:lily_pad":1,"minecraft:blue_bed":4,"minecraft:prismarine_bricks":2,"minecraft:spruce_stairs":1,"minecraft:birch_planks":1,"minecraft:coarse_dirt":32,"minecraft:sweet_berry_bush":17,"minecraft:ice":1,"minecraft:prismarine_brick_slab":1,"minecraft:spruce_log":22,"minecraft:jungle_fence":1,"iceandfire:ash":5,"minecraft:white_wall_banner":1,"minecraft:coal_ore":113,"minecraft:cobweb":5,"minecraft:acacia_planks":2,"minecraft:stone_bricks":5,"minecraft:polished_andesite":6,"minecraft:small_dripleaf":4,"minecraft:fern":2},"minecraft:custom":{"minecraft:interact_with_crafting_table":79,"minecraft:open_barrel":66,"minecraft:bell_ring":1,"minecraft:leave_game":4,"minecraft:time_since_death":39836,"minecraft:sprint_one_cm":1293514,"minecraft:damage_blocked_by_shield":11404,"minecraft:drop":172,"minecraft:talked_to_villager":5,"minecraft:play_time":589556,"minecraft:deaths":61,"tombstone:tomb_raiding":2,"minecraft:jump":4933,"minecraft:walk_on_water_one_cm":82464,"minecraft:interact_with_furnace":36,"minecraft:sleep_in_bed":27,"minecraft:waystone_activated":3,"minecraft:open_enderchest":5,"minecraft:damage_dealt":30552,"minecraft:player_kills":2,"minecraft:crouch_one_cm":39085,"tombstone:undead_killed":116,"minecraft:interact_with_smoker":9,"minecraft:interact_with_smithing_table":3,"minecraft:interact_with_anvil":1,"minecraft:mob_kills":188,"minecraft:damage_dealt_resisted":1385,"minecraft:climb_one_cm":24011,"minecraft:walk_one_cm":1654760,"minecraft:sneak_time":22188,"minecraft:walk_under_water_one_cm":84187,"minecraft:boat_one_cm":105663,"minecraft:interact_with_lectern":2,"minecraft:total_world_time":589556,"tombstone:raider_killed":17,"minecraft:interact_with_grindstone":1,"minecraft:time_since_rest":39380,"minecraft:damage_taken":35392,"minecraft:trigger_trapped_chest":3,"tombstone:cast_on_ally":3,"minecraft:swim_one_cm":159381,"minecraft:fly_one_cm":678039,"minecraft:open_chest":257,"minecraft:fall_one_cm":104915},"minecraft:used":{"minecraft:moss_carpet":1,"minecraft:iron_shovel":70,"minecraft:shield":200,"minecraft:iron_sword":731,"ecologics:coconut_planks":1,"minecraft:spruce_boat":5,"minecraft:bricks":2,"minecraft:bow":97,"minecraft:sweet_berries":48,"minecraft:furnace":8,"minecraft:cooked_cod":8,"minecraft:stone_pickaxe":110,"minecraft:wooden_pickaxe":17,"minecraft:blue_bed":4,"minecraft:jungle_boat":5,"minecraft:sand":1,"minecraft:mushroom_stew":9,"comforts:sleeping_bag_blue":2,"minecraft:black_bed":11,"minecraft:bread":180,"tombstone:grave_key":3,"minecraft:experience_bottle":3,"minecraft:azalea":2,"minecraft:trident":8,"minecraft:cooked_salmon":9,"minecraft:torch":58,"minecraft:dirt":86,"minecraft:spyglass":99,"farmersdelight:beef_patty":5,"minecraft:dark_oak_planks":39,"minecraft:wooden_axe":8,"minecraft:iron_axe":115,"minecraft:goat_horn":3,"ecologics:coconut_boat":1,"tombstone:gift":11,"comforts:sleeping_bag_white":6,"minecraft:cooked_beef":11,"minecraft:cooked_mutton":9,"minecraft:water_bucket":32,"tombstone:scroll_of_knowledge":1,"minecraft:rabbit":1,"minecraft:polished_andesite":2,"tombstone:scroll_of_feather_fall":1,"minecraft:crafting_table":22,"minecraft:red_bed":1,"minecraft:smoker":1,"minecraft:iron_pickaxe":366,"minecraft:suspicious_stew":1,"minecraft:stone_axe":257,"minecraft:cobblestone":79,"travelersbackpack:standard":17,"minecraft:cooked_porkchop":9,"minecraft:jungle_door":1,"minecraft:bucket":33,"minecraft:pumpkin_pie":6},"minecraft:dropped":{"minecraft:iron_sword":2,"minecraft:brown_mushroom":8,"minecraft:lapis_lazuli":2,"minecraft:jungle_fence":1,"iceandfire:chared_dirt":24,"minecraft:glow_berries":1,"minecraft:sentry_armor_trim_smithing_template":2,"paraglider:spirit_orb":1,"minecraft:red_mushroom":9,"minecraft:gold_block":1,"minecraft:dirt":3,"tombstone:bag_of_seeds":1,"minecraft:mutton":2,"artifacts:charm_of_sinking":1,"minecraft:gold_nugget":29,"minecraft:amethyst_shard":4,"iceandfire:ash":4,"minecraft:sand":11,"minecraft:iron_pickaxe":1,"minecraft:dark_oak_planks":42,"minecraft:white_wool":3,"minecraft:bone":8,"minecraft:stone_axe":1,"minecraft:sugar_cane":1,"minecraft:birch_sapling":1,"minecraft:wheat":3,"minecraft:rotten_flesh":23,"minecraft:rabbit_foot":2,"minecraft:rabbit_hide":2,"minecraft:leather_chestplate":1,"supplementaries:ash":4,"minecraft:trident":1,"minecraft:skeleton_skull":2,"minecraft:oak_wood":5,"minecraft:azalea":1,"minecraft:arrow":5,"minecraft:iron_ingot":1,"minecraft:enchanted_book":2,"minecraft:bread":10,"minecraft:wheat_seeds":3,"minecraft:lilac":1,"minecraft:tnt":7,"minecraft:mossy_cobblestone":1,"ecologics:coconut_seedling":2,"minecraft:cobblestone":19,"minecraft:copper_ingot":16,"minecraft:chainmail_helmet":1,"minecraft:coal":9,"minecraft:stick":1,"minecraft:gray_wool":1,"minecraft:torch":5,"tombstone:grave_key":5,"minecraft:wooden_axe":2,"minecraft:rabbit":5,"minecraft:jungle_door":8,"minecraft:pink_petals":1,"minecraft:acacia_planks":1,"iceandfire:dragon_skull_fire":1,"iceandfire:dragonbone":10,"iceandfire:silver_nugget":38,"minecraft:moss_carpet":3,"minecraft:coarse_dirt":32,"minecraft:stone_sword":1,"minecraft:raw_copper":16,"minecraft:iron_boots":2,"minecraft:suspicious_stew":1,"minecraft:filled_map":1,"minecraft:potato":13,"minecraft:hay_block":2,"aether:iron_gloves":1,"minecraft:spruce_planks":90,"minecraft:spider_eye":3,"minecraft:bow":1,"minecraft:stone_pickaxe":3,"minecraft:wooden_pickaxe":1,"minecraft:cooked_rabbit":2,"minecraft:black_wool":2}},"DataVersion":3465}