{"stats":{"minecraft:custom":{"minecraft:interact_with_crafting_table":46,"minecraft:open_barrel":34,"minecraft:leave_game":2,"minecraft:time_since_death":911,"minecraft:sprint_one_cm":934890,"minecraft:damage_blocked_by_shield":5891,"minecraft:drop":150,"minecraft:talked_to_villager":4,"minecraft:play_time":359614,"minecraft:deaths":45,"tombstone:tomb_raiding":2,"minecraft:jump":3137,"minecraft:walk_on_water_one_cm":41845,"minecraft:interact_with_furnace":27,"minecraft:sleep_in_bed":18,"minecraft:waystone_activated":1,"minecraft:open_enderchest":5,"minecraft:damage_dealt":17971,"minecraft:player_kills":2,"minecraft:crouch_one_cm":8061,"tombstone:undead_killed":52,"minecraft:mob_kills":111,"minecraft:interact_with_anvil":1,"minecraft:damage_dealt_resisted":676,"minecraft:climb_one_cm":21850,"minecraft:walk_one_cm":1188188,"minecraft:sneak_time":4774,"minecraft:walk_under_water_one_cm":64694,"minecraft:boat_one_cm":105663,"minecraft:total_world_time":359614,"tombstone:raider_killed":16,"minecraft:interact_with_grindstone":1,"minecraft:time_since_rest":851,"minecraft:damage_taken":23539,"minecraft:trigger_trapped_chest":3,"tombstone:cast_on_ally":2,"minecraft:swim_one_cm":148658,"minecraft:fly_one_cm":421265,"minecraft:open_chest":177,"minecraft:fall_one_cm":65366},"minecraft:killed_by":{"iceandfire:fire_dragon":2},"minecraft:crafted":{"minecraft:cooked_mutton":9,"minecraft:bow":1,"minecraft:iron_boots":2,"minecraft:cooked_rabbit":2,"minecraft:cooked_porkchop":3,"minecraft:crafting_table":5,"minecraft:spruce_planks":80,"minecraft:jungle_boat":1,"minecraft:wooden_pickaxe":1,"minecraft:iron_helmet":2,"minecraft:shield":1,"minecraft:iron_chestplate":1,"minecraft:stick":40,"minecraft:iron_ingot":30,"minecraft:stone_shovel":1,"ecologics:coconut_planks":24,"comforts:sleeping_bag_white":1,"minecraft:furnace":2,"minecraft:mushroom_stew":6,"minecraft:iron_axe":1,"minecraft:stone_pickaxe":2,"minecraft:spruce_boat":2,"backpacked:backpack":1,"minecraft:dark_oak_planks":56,"ecologics:coconut_boat":1,"minecraft:wheat":407,"minecraft:cooked_beef":1,"paraglider:paraglider":1,"iceandfire:silver_ingot":4,"minecraft:cooked_salmon":2,"minecraft:bucket":1,"minecraft:stone_axe":2,"minecraft:bread":144,"minecraft:air":0,"minecraft:jungle_planks":64,"minecraft:jungle_door":9,"minecraft:white_wool":3,"minecraft:wooden_axe":2,"minecraft:iron_leggings":1,"minecraft:torch":88},"minecraft:dropped":{"minecraft:iron_sword":1,"minecraft:brown_mushroom":8,"minecraft:lapis_lazuli":2,"minecraft:jungle_fence":1,"iceandfire:chared_dirt":24,"minecraft:glow_berries":1,"minecraft:sentry_armor_trim_smithing_template":2,"paraglider:spirit_orb":1,"minecraft:red_mushroom":9,"minecraft:dirt":3,"tombstone:bag_of_seeds":1,"minecraft:mutton":2,"artifacts:charm_of_sinking":1,"minecraft:gold_nugget":29,"iceandfire:ash":4,"minecraft:sand":11,"minecraft:iron_pickaxe":1,"minecraft:dark_oak_planks":42,"minecraft:bone":8,"minecraft:stone_axe":1,"minecraft:wheat":3,"minecraft:rotten_flesh":23,"minecraft:rabbit_foot":2,"minecraft:rabbit_hide":2,"supplementaries:ash":4,"minecraft:skeleton_skull":2,"minecraft:oak_wood":5,"minecraft:azalea":1,"minecraft:arrow":5,"minecraft:enchanted_book":2,"minecraft:bread":8,"minecraft:wheat_seeds":3,"minecraft:lilac":1,"minecraft:tnt":7,"minecraft:cobblestone":19,"minecraft:copper_ingot":16,"minecraft:chainmail_helmet":1,"minecraft:coal":9,"minecraft:stick":1,"minecraft:gray_wool":1,"minecraft:torch":5,"tombstone:grave_key":5,"minecraft:wooden_axe":2,"minecraft:rabbit":5,"minecraft:jungle_door":8,"minecraft:pink_petals":1,"minecraft:acacia_planks":1,"iceandfire:dragon_skull_fire":1,"iceandfire:dragonbone":10,"minecraft:moss_carpet":3,"minecraft:stone_sword":1,"minecraft:coarse_dirt":32,"minecraft:raw_copper":16,"minecraft:iron_boots":1,"minecraft:hay_block":2,"minecraft:spruce_planks":90,"minecraft:spider_eye":3,"minecraft:bow":1,"minecraft:stone_pickaxe":3,"minecraft:wooden_pickaxe":1,"minecraft:cooked_rabbit":2,"minecraft:black_wool":2},"minecraft:used":{"minecraft:moss_carpet":1,"minecraft:iron_shovel":67,"minecraft:shield":86,"minecraft:iron_sword":437,"ecologics:coconut_planks":1,"minecraft:spruce_boat":5,"minecraft:bow":75,"minecraft:sweet_berries":48,"minecraft:furnace":7,"minecraft:stone_pickaxe":110,"minecraft:wooden_pickaxe":17,"minecraft:blue_bed":4,"minecraft:jungle_boat":5,"minecraft:sand":1,"minecraft:mushroom_stew":9,"minecraft:black_bed":11,"minecraft:bread":117,"tombstone:grave_key":1,"minecraft:experience_bottle":3,"minecraft:azalea":2,"minecraft:cooked_salmon":2,"minecraft:torch":39,"minecraft:dirt":83,"minecraft:spyglass":58,"minecraft:wooden_axe":8,"minecraft:dark_oak_planks":39,"minecraft:iron_axe":80,"minecraft:goat_horn":3,"ecologics:coconut_boat":1,"tombstone:gift":9,"comforts:sleeping_bag_white":1,"minecraft:cooked_beef":5,"minecraft:cooked_mutton":9,"minecraft:water_bucket":8,"tombstone:scroll_of_knowledge":1,"minecraft:rabbit":1,"tombstone:scroll_of_feather_fall":1,"minecraft:crafting_table":17,"minecraft:iron_pickaxe":105,"minecraft:stone_axe":257,"minecraft:cooked_porkchop":3,"minecraft:jungle_door":1,"minecraft:bucket":9},"minecraft:killed":{"minecraft:cave_spider":2,"minecraft:spider":2,"minecraft:skeleton":6,"artifacts:mimic":1,"minecraft:pig":1,"minecraft:creeper":1,"minecraft:sheep":6,"minecraft:pillager":12,"minecraft:zombie":38,"cataclysm:deepling":1,"iceandfire:sea_serpent":1,"minecraft:cow":1,"minecraft:vindicator":4,"minecraft:horse":2,"iceandfire:deathworm":4,"minecraft:husk":8,"minecraft:rabbit":17},"minecraft:picked_up":{"minecraft:wheat":9,"minecraft:sentry_armor_trim_smithing_template":2,"minecraft:enchanted_book":2,"tombstone:grave_key":1,"minecraft:string":9,"minecraft:raw_copper":16,"minecraft:gold_nugget":11,"bosses_of_mass_destruction:soul_star":1,"comforts:sleeping_bag_white":1,"minecraft:spruce_planks":45,"minecraft:azalea":3,"minecraft:iron_pickaxe":1,"minecraft:furnace":5,"minecraft:iron_boots":1,"minecraft:stick":7,"minecraft:jungle_door":1,"minecraft:torch":10,"minecraft:porkchop":3,"tombstone:grave_dust":18,"minecraft:rabbit_foot":5,"minecraft:bamboo_block":1,"minecraft:rotten_flesh":42,"ecologics:coconut_log":6,"supplementaries:ash":1,"minecraft:cobblestone":48,"minecraft:pink_petals":1,"minecraft:lilac":1,"minecraft:jungle_log":16,"minecraft:black_bed":11,"minecraft:jungle_wood":3,"minecraft:smoker":1,"minecraft:potato":1,"paraglider:spirit_orb":16,"minecraft:smooth_sandstone_stairs":2,"travelersbackpack:gold_tier_upgrade":1,"minecraft:dirt":47,"minecraft:bone":8,"minecraft:acacia_planks":1,"minecraft:bow":3,"minecraft:wheat_seeds":7,"minecraft:rabbit":12,"iceandfire:dragon_skull_fire":1,"minecraft:sand":72,"minecraft:jungle_planks":1,"minecraft:dark_oak_log":14,"minecraft:chiseled_sandstone":3,"minecraft:dark_prismarine":1,"minecraft:spruce_boat":2,"minecraft:chainmail_helmet":1,"minecraft:spruce_sign":1,"minecraft:bread":1,"minecraft:emerald":2,"minecraft:chiseled_red_sandstone":1,"minecraft:oak_sapling":1,"iceandfire:raw_silver":4,"minecraft:crafting_table":12,"minecraft:charcoal":26,"minecraft:coarse_dirt":32,"minecraft:turtle_helmet":1,"minecraft:brown_mushroom":32,"ecologics:coconut_boat":1,"minecraft:shield":2,"minecraft:moss_carpet":7,"minecraft:beef":1,"minecraft:sugar_cane":57,"minecraft:birch_sapling":2,"minecraft:sandstone":1,"minecraft:raw_iron":1,"iceandfire:dragonbone":10,"iceandfire:deathworm_chitin_red":4,"minecraft:copper_ingot":12,"minecraft:bowl":1,"iceandfire:deathworm_chitin_white":4,"minecraft:dark_oak_planks":60,"minecraft:tnt":7,"minecraft:arrow":6,"minecraft:beetroot_seeds":13,"iceandfire:chared_dirt":24,"minecraft:hay_block":48,"tombstone:essence_of_undeath":1,"minecraft:glow_berries":1,"minecraft:mutton":11,"minecraft:skeleton_skull":2,"minecraft:white_wool":10,"minecraft:jungle_boat":4,"iceandfire:sea_serpent_fang":5,"minecraft:leather":4,"minecraft:cut_sandstone":5,"minecraft:jungle_fence":1,"minecraft:red_mushroom":22,"minecraft:mushroom_stew":4,"minecraft:lily_pad":9,"minecraft:gunpowder":4,"minecraft:blue_bed":4,"tombstone:gift":1,"minecraft:smooth_sandstone":2,"minecraft:kelp":1,"minecraft:rabbit_hide":10,"minecraft:stone_pickaxe":1,"tombstone:bag_of_seeds":1,"minecraft:flowering_azalea":1,"minecraft:iron_sword":3,"minecraft:sweet_berries":42,"iceandfire:sea_serpent_scales_green":7,"iceandfire:ash":7,"minecraft:spyglass":1,"minecraft:spruce_sapling":1,"minecraft:spruce_log":20,"minecraft:spider_eye":3,"minecraft:oak_wood":5,"minecraft:stone_axe":2,"minecraft:gray_wool":1,"tombstone:magic_scroll":1,"minecraft:black_wool":2,"minecraft:coal":82},"minecraft:mined":{"minecraft:dark_oak_planks":19,"minecraft:chiseled_red_sandstone":2,"minecraft:jungle_leaves":3,"minecraft:jungle_log":15,"minecraft:bamboo_block":1,"minecraft:spawner":9,"minecraft:iron_ore":1,"minecraft:fire":21,"minecraft:smooth_sandstone_stairs":3,"minecraft:sandstone_slab":1,"minecraft:cut_sandstone":6,"minecraft:brown_mushroom":30,"ecologics:pot":1,"farmersdelight:organic_compost":1,"minecraft:smoker":1,"minecraft:orange_terracotta":1,"minecraft:clay":1,"minecraft:torch":1,"minecraft:potted_jungle_sapling":1,"minecraft:calcite":1,"minecraft:dead_bush":2,"minecraft:mushroom_stem":25,"minecraft:cobblestone":23,"minecraft:sugar_cane":22,"minecraft:smooth_sandstone_slab":1,"minecraft:wall_torch":2,"minecraft:amethyst_block":3,"minecraft:blue_terracotta":1,"minecraft:magenta_bed":2,"minecraft:black_bed":11,"minecraft:tnt":9,"minecraft:grass":13,"minecraft:sand":68,"minecraft:dirt":23,"minecraft:sandstone_wall":1,"minecraft:red_mushroom_block":9,"minecraft:gray_candle":1,"minecraft:dark_prismarine":2,"iceandfire:silver_ore":4,"minecraft:dark_oak_log":14,"minecraft:glow_lichen":1,"minecraft:brown_mushroom_block":4,"minecraft:spruce_leaves":1,"minecraft:red_mushroom":11,"minecraft:moss_block":9,"minecraft:sandstone":11,"minecraft:large_fern":1,"minecraft:hay_block":48,"minecraft:horn_coral":1,"minecraft:furnace":6,"minecraft:chiseled_sandstone":4,"minecraft:vine":1,"minecraft:stone":38,"minecraft:white_wool":12,"minecraft:smooth_sandstone":2,"minecraft:crafting_table":15,"minecraft:oak_wood":6,"spelunkers_charm:dead_grass":1,"minecraft:campfire":7,"minecraft:copper_ore":5,"minecraft:lily_pad":1,"minecraft:blue_bed":4,"minecraft:prismarine_bricks":2,"minecraft:coarse_dirt":32,"minecraft:sweet_berry_bush":17,"minecraft:prismarine_brick_slab":1,"minecraft:spruce_log":21,"minecraft:jungle_fence":1,"iceandfire:ash":5,"minecraft:coal_ore":85,"minecraft:cobweb":4,"minecraft:acacia_planks":2,"minecraft:small_dripleaf":4,"minecraft:fern":2},"minecraft:broken":{"aether:golden_gloves":1,"minecraft:iron_boots":1,"minecraft:iron_chestplate":1,"minecraft:iron_leggings":1,"minecraft:stone_axe":2,"minecraft:iron_sword":1,"minecraft:shield":2,"minecraft:iron_helmet":2}},"DataVersion":3465}