{"stats":{"minecraft:picked_up":{"minecraft:charcoal":26,"minecraft:crafting_table":7,"minecraft:wheat":9,"minecraft:brown_mushroom":32,"minecraft:enchanted_book":2,"tombstone:grave_key":1,"minecraft:shield":2,"minecraft:string":4,"minecraft:moss_carpet":3,"minecraft:raw_copper":16,"minecraft:gold_nugget":1,"minecraft:spruce_planks":45,"minecraft:beef":1,"minecraft:iron_pickaxe":1,"minecraft:sugar_cane":48,"minecraft:iron_boots":1,"minecraft:furnace":5,"minecraft:stick":1,"minecraft:raw_iron":1,"iceandfire:dragonbone":10,"minecraft:copper_ingot":12,"iceandfire:deathworm_chitin_red":4,"minecraft:torch":8,"minecraft:bowl":1,"minecraft:porkchop":3,"tombstone:grave_dust":14,"iceandfire:deathworm_chitin_white":4,"minecraft:rabbit_foot":3,"minecraft:dark_oak_planks":18,"minecraft:tnt":7,"minecraft:arrow":5,"minecraft:rotten_flesh":39,"minecraft:hay_block":39,"tombstone:essence_of_undeath":1,"minecraft:glow_berries":1,"minecraft:mutton":11,"minecraft:cobblestone":46,"minecraft:lilac":1,"minecraft:black_bed":6,"minecraft:leather":4,"minecraft:cut_sandstone":1,"minecraft:jungle_fence":1,"minecraft:red_mushroom":21,"minecraft:potato":1,"minecraft:mushroom_stew":4,"paraglider:spirit_orb":14,"minecraft:gunpowder":3,"minecraft:blue_bed":3,"minecraft:dirt":39,"tombstone:gift":1,"minecraft:smooth_sandstone":2,"minecraft:bone":7,"minecraft:bow":1,"minecraft:wheat_seeds":7,"minecraft:rabbit_hide":1,"minecraft:stone_pickaxe":1,"tombstone:bag_of_seeds":1,"minecraft:rabbit":3,"minecraft:flowering_azalea":1,"minecraft:iron_sword":1,"minecraft:sweet_berries":42,"minecraft:spyglass":1,"iceandfire:dragon_skull_fire":1,"minecraft:sand":11,"minecraft:spruce_sapling":1,"minecraft:spruce_log":17,"minecraft:dark_oak_log":14,"minecraft:spider_eye":3,"minecraft:oak_wood":5,"minecraft:stone_axe":2,"minecraft:gray_wool":1,"minecraft:bread":1,"minecraft:chainmail_helmet":1,"minecraft:chiseled_red_sandstone":1,"tombstone:magic_scroll":1,"minecraft:black_wool":2,"minecraft:coal":54,"iceandfire:raw_silver":4},"minecraft:dropped":{"minecraft:enchanted_book":2,"minecraft:bread":8,"minecraft:iron_sword":1,"minecraft:brown_mushroom":8,"minecraft:wheat_seeds":3,"minecraft:lapis_lazuli":2,"minecraft:lilac":1,"minecraft:jungle_fence":1,"minecraft:cobblestone":17,"minecraft:glow_berries":1,"minecraft:copper_ingot":16,"minecraft:chainmail_helmet":1,"minecraft:coal":9,"minecraft:red_mushroom":8,"paraglider:spirit_orb":1,"minecraft:dirt":3,"minecraft:gray_wool":1,"minecraft:torch":5,"tombstone:grave_key":3,"minecraft:mutton":2,"minecraft:wooden_axe":2,"minecraft:rabbit":1,"minecraft:gold_nugget":1,"minecraft:sand":10,"minecraft:iron_pickaxe":1,"iceandfire:dragon_skull_fire":1,"iceandfire:dragonbone":10,"minecraft:bone":7,"minecraft:stone_axe":1,"minecraft:moss_carpet":2,"minecraft:stone_sword":1,"minecraft:raw_copper":16,"minecraft:wheat":3,"minecraft:rotten_flesh":23,"minecraft:rabbit_foot":2,"minecraft:hay_block":2,"minecraft:spruce_planks":90,"minecraft:oak_wood":5,"minecraft:spider_eye":3,"minecraft:arrow":5,"minecraft:bow":1,"minecraft:stone_pickaxe":3,"minecraft:wooden_pickaxe":1,"minecraft:cooked_rabbit":2,"minecraft:black_wool":2},"minecraft:crafted":{"minecraft:stone_shovel":1,"minecraft:furnace":2,"minecraft:mushroom_stew":6,"minecraft:cooked_mutton":9,"minecraft:iron_axe":1,"minecraft:stone_pickaxe":2,"minecraft:spruce_boat":1,"minecraft:dark_oak_planks":56,"minecraft:cooked_rabbit":2,"minecraft:wheat":326,"minecraft:cooked_beef":1,"minecraft:cooked_porkchop":3,"iceandfire:silver_ingot":4,"minecraft:crafting_table":1,"minecraft:spruce_planks":68,"minecraft:wooden_pickaxe":1,"minecraft:cooked_salmon":2,"minecraft:stone_axe":2,"minecraft:bread":117,"minecraft:air":0,"minecraft:stick":16,"minecraft:iron_ingot":30,"minecraft:wooden_axe":2,"minecraft:torch":56},"minecraft:mined":{"minecraft:dark_oak_planks":19,"iceandfire:silver_ore":4,"minecraft:chiseled_red_sandstone":2,"minecraft:jungle_leaves":3,"minecraft:dark_oak_log":14,"minecraft:glow_lichen":1,"minecraft:brown_mushroom_block":4,"minecraft:moss_block":6,"minecraft:red_mushroom":11,"minecraft:sandstone":10,"minecraft:spawner":8,"minecraft:large_fern":1,"minecraft:hay_block":39,"minecraft:furnace":6,"minecraft:iron_ore":1,"minecraft:chiseled_sandstone":1,"minecraft:smooth_sandstone_stairs":1,"minecraft:stone":36,"minecraft:sandstone_slab":1,"minecraft:cut_sandstone":4,"minecraft:brown_mushroom":30,"ecologics:pot":1,"farmersdelight:organic_compost":1,"minecraft:orange_terracotta":1,"minecraft:clay":1,"minecraft:smooth_sandstone":2,"minecraft:crafting_table":8,"minecraft:potted_jungle_sapling":1,"minecraft:oak_wood":6,"minecraft:calcite":1,"spelunkers_charm:dead_grass":1,"minecraft:campfire":7,"minecraft:mushroom_stem":25,"minecraft:copper_ore":5,"minecraft:cobblestone":23,"minecraft:lily_pad":1,"minecraft:sugar_cane":20,"minecraft:smooth_sandstone_slab":1,"minecraft:blue_bed":3,"minecraft:wall_torch":1,"minecraft:amethyst_block":3,"minecraft:blue_terracotta":1,"minecraft:magenta_bed":2,"minecraft:sweet_berry_bush":17,"minecraft:spruce_log":18,"minecraft:jungle_fence":1,"minecraft:tnt":9,"minecraft:black_bed":6,"minecraft:grass":13,"minecraft:coal_ore":54,"minecraft:sand":5,"minecraft:dirt":15,"minecraft:sandstone_wall":1,"minecraft:cobweb":1,"minecraft:red_mushroom_block":9,"minecraft:small_dripleaf":4,"minecraft:gray_candle":1,"minecraft:fern":2},"minecraft:killed":{"minecraft:cave_spider":2,"minecraft:spider":2,"minecraft:horse":2,"minecraft:skeleton":4,"iceandfire:deathworm":3,"artifacts:mimic":1,"minecraft:husk":4,"minecraft:pig":1,"minecraft:rabbit":3,"minecraft:sheep":6,"minecraft:zombie":36,"minecraft:cow":1},"minecraft:broken":{"aether:golden_gloves":1,"minecraft:stone_axe":2},"minecraft:used":{"minecraft:moss_carpet":1,"minecraft:iron_shovel":10,"minecraft:shield":38,"minecraft:iron_sword":285,"minecraft:cooked_salmon":2,"minecraft:torch":37,"minecraft:dirt":67,"minecraft:spyglass":42,"minecraft:dark_oak_planks":39,"minecraft:spruce_boat":1,"minecraft:wooden_axe":8,"minecraft:iron_axe":14,"minecraft:sweet_berries":48,"minecraft:furnace":7,"tombstone:gift":6,"minecraft:cooked_beef":1,"minecraft:cooked_mutton":9,"tombstone:scroll_of_knowledge":1,"minecraft:stone_pickaxe":110,"minecraft:wooden_pickaxe":17,"minecraft:blue_bed":3,"minecraft:crafting_table":8,"minecraft:mushroom_stew":9,"minecraft:black_bed":5,"minecraft:bread":25,"minecraft:iron_pickaxe":53,"minecraft:stone_axe":257,"minecraft:cooked_porkchop":3,"minecraft:experience_bottle":3},"minecraft:custom":{"minecraft:mob_kills":69,"minecraft:interact_with_anvil":1,"minecraft:interact_with_crafting_table":22,"minecraft:open_barrel":22,"minecraft:damage_dealt_resisted":365,"minecraft:leave_game":2,"minecraft:time_since_death":12748,"minecraft:climb_one_cm":16091,"minecraft:sprint_one_cm":374266,"minecraft:walk_one_cm":708292,"minecraft:damage_blocked_by_shield":2160,"minecraft:drop":84,"minecraft:talked_to_villager":4,"minecraft:play_time":193827,"minecraft:deaths":19,"minecraft:sneak_time":2930,"minecraft:walk_under_water_one_cm":3887,"minecraft:boat_one_cm":92151,"tombstone:tomb_raiding":2,"minecraft:jump":1730,"minecraft:walk_on_water_one_cm":8413,"minecraft:total_world_time":193827,"minecraft:interact_with_furnace":27,"minecraft:sleep_in_bed":11,"minecraft:time_since_rest":12608,"minecraft:damage_taken":9683,"minecraft:trigger_trapped_chest":3,"minecraft:damage_dealt":12150,"minecraft:swim_one_cm":15965,"minecraft:fly_one_cm":159391,"minecraft:player_kills":2,"minecraft:open_chest":93,"minecraft:crouch_one_cm":5292,"tombstone:undead_killed":44,"minecraft:fall_one_cm":30476}},"DataVersion":3465}