{"stats":{"minecraft:custom":{"minecraft:interact_with_anvil":1,"minecraft:mob_kills":109,"minecraft:interact_with_crafting_table":42,"minecraft:open_barrel":27,"minecraft:damage_dealt_resisted":411,"minecraft:leave_game":2,"minecraft:time_since_death":383,"minecraft:climb_one_cm":21850,"minecraft:sprint_one_cm":814672,"minecraft:walk_one_cm":1113661,"minecraft:damage_blocked_by_shield":4571,"minecraft:drop":148,"minecraft:talked_to_villager":4,"minecraft:play_time":335614,"minecraft:deaths":42,"minecraft:sneak_time":4688,"minecraft:walk_under_water_one_cm":60984,"minecraft:boat_one_cm":92171,"tombstone:tomb_raiding":2,"minecraft:jump":2809,"minecraft:walk_on_water_one_cm":40361,"minecraft:total_world_time":335614,"minecraft:interact_with_furnace":27,"tombstone:raider_killed":16,"minecraft:interact_with_grindstone":1,"minecraft:sleep_in_bed":17,"minecraft:time_since_rest":134,"minecraft:open_enderchest":5,"minecraft:damage_taken":21808,"minecraft:trigger_trapped_chest":3,"minecraft:damage_dealt":17457,"tombstone:cast_on_ally":2,"minecraft:swim_one_cm":148075,"minecraft:fly_one_cm":363832,"minecraft:player_kills":2,"minecraft:open_chest":167,"minecraft:crouch_one_cm":8061,"tombstone:undead_killed":51,"minecraft:fall_one_cm":60234},"minecraft:killed_by":{"iceandfire:fire_dragon":2},"minecraft:crafted":{"minecraft:stone_shovel":1,"comforts:sleeping_bag_white":1,"minecraft:furnace":2,"minecraft:mushroom_stew":6,"minecraft:cooked_mutton":9,"minecraft:bow":1,"minecraft:iron_boots":1,"minecraft:iron_axe":1,"minecraft:stone_pickaxe":2,"minecraft:spruce_boat":2,"backpacked:backpack":1,"minecraft:dark_oak_planks":56,"minecraft:cooked_rabbit":2,"minecraft:wheat":407,"minecraft:cooked_beef":1,"paraglider:paraglider":1,"iceandfire:silver_ingot":4,"minecraft:cooked_porkchop":3,"minecraft:crafting_table":4,"minecraft:spruce_planks":80,"minecraft:jungle_boat":1,"minecraft:iron_helmet":1,"minecraft:wooden_pickaxe":1,"minecraft:cooked_salmon":2,"minecraft:bucket":1,"minecraft:stone_axe":2,"minecraft:bread":144,"minecraft:air":0,"minecraft:jungle_planks":64,"minecraft:jungle_door":9,"minecraft:white_wool":3,"minecraft:iron_chestplate":1,"minecraft:stick":40,"minecraft:iron_ingot":30,"minecraft:wooden_axe":2,"minecraft:iron_leggings":1,"minecraft:torch":88},"minecraft:dropped":{"minecraft:enchanted_book":2,"minecraft:bread":8,"minecraft:iron_sword":1,"minecraft:brown_mushroom":8,"minecraft:wheat_seeds":3,"minecraft:lapis_lazuli":2,"minecraft:lilac":1,"minecraft:tnt":7,"minecraft:jungle_fence":1,"iceandfire:chared_dirt":24,"minecraft:cobblestone":19,"minecraft:glow_berries":1,"minecraft:copper_ingot":16,"minecraft:chainmail_helmet":1,"minecraft:stick":1,"minecraft:coal":9,"minecraft:sentry_armor_trim_smithing_template":2,"minecraft:red_mushroom":9,"paraglider:spirit_orb":1,"minecraft:dirt":3,"tombstone:bag_of_seeds":1,"minecraft:gray_wool":1,"minecraft:torch":5,"tombstone:grave_key":5,"minecraft:mutton":2,"minecraft:wooden_axe":2,"minecraft:rabbit":5,"minecraft:jungle_door":8,"artifacts:charm_of_sinking":1,"minecraft:gold_nugget":29,"iceandfire:ash":4,"minecraft:sand":11,"minecraft:iron_pickaxe":1,"minecraft:dark_oak_planks":42,"minecraft:pink_petals":1,"minecraft:acacia_planks":1,"iceandfire:dragon_skull_fire":1,"iceandfire:dragonbone":10,"minecraft:bone":8,"minecraft:stone_axe":1,"minecraft:moss_carpet":3,"minecraft:coarse_dirt":32,"minecraft:stone_sword":1,"minecraft:raw_copper":16,"minecraft:wheat":3,"minecraft:rotten_flesh":23,"minecraft:iron_boots":1,"minecraft:rabbit_foot":2,"minecraft:rabbit_hide":2,"supplementaries:ash":4,"minecraft:hay_block":2,"minecraft:oak_wood":5,"minecraft:spruce_planks":90,"minecraft:azalea":1,"minecraft:spider_eye":3,"minecraft:bow":1,"minecraft:arrow":5,"minecraft:stone_pickaxe":3,"minecraft:wooden_pickaxe":1,"minecraft:cooked_rabbit":2,"minecraft:black_wool":2},"minecraft:used":{"minecraft:azalea":2,"minecraft:moss_carpet":1,"minecraft:iron_shovel":10,"minecraft:shield":74,"minecraft:iron_sword":416,"minecraft:cooked_salmon":2,"minecraft:torch":39,"minecraft:dirt":83,"minecraft:spyglass":57,"minecraft:dark_oak_planks":39,"minecraft:wooden_axe":8,"minecraft:spruce_boat":5,"minecraft:iron_axe":79,"minecraft:bow":74,"minecraft:goat_horn":3,"minecraft:sweet_berries":48,"minecraft:furnace":7,"tombstone:gift":9,"minecraft:cooked_beef":5,"minecraft:rabbit":1,"minecraft:water_bucket":7,"minecraft:cooked_mutton":9,"tombstone:scroll_of_knowledge":1,"minecraft:stone_pickaxe":110,"minecraft:wooden_pickaxe":17,"minecraft:blue_bed":4,"minecraft:jungle_boat":5,"minecraft:sand":1,"tombstone:scroll_of_feather_fall":1,"minecraft:crafting_table":15,"minecraft:mushroom_stew":9,"minecraft:black_bed":11,"minecraft:iron_pickaxe":105,"minecraft:bread":106,"tombstone:grave_key":1,"minecraft:stone_axe":257,"minecraft:cooked_porkchop":3,"minecraft:jungle_door":1,"minecraft:bucket":8,"minecraft:experience_bottle":3},"minecraft:killed":{"minecraft:cave_spider":2,"minecraft:vindicator":4,"minecraft:spider":2,"minecraft:skeleton":6,"minecraft:horse":2,"iceandfire:deathworm":4,"artifacts:mimic":1,"minecraft:husk":8,"minecraft:pig":1,"minecraft:rabbit":17,"minecraft:creeper":1,"minecraft:sheep":6,"minecraft:pillager":12,"minecraft:zombie":37,"cataclysm:deepling":1,"minecraft:cow":1},"minecraft:picked_up":{"minecraft:coarse_dirt":32,"minecraft:charcoal":26,"minecraft:crafting_table":12,"minecraft:wheat":9,"minecraft:sentry_armor_trim_smithing_template":2,"minecraft:brown_mushroom":32,"minecraft:enchanted_book":2,"tombstone:grave_key":1,"minecraft:shield":2,"minecraft:string":9,"minecraft:moss_carpet":7,"minecraft:raw_copper":16,"minecraft:gold_nugget":11,"bosses_of_mass_destruction:soul_star":1,"minecraft:spruce_planks":45,"minecraft:beef":1,"minecraft:azalea":3,"minecraft:iron_pickaxe":1,"minecraft:sugar_cane":57,"minecraft:iron_boots":1,"minecraft:furnace":5,"minecraft:stick":7,"minecraft:raw_iron":1,"iceandfire:dragonbone":10,"minecraft:jungle_door":1,"minecraft:copper_ingot":12,"iceandfire:deathworm_chitin_red":4,"minecraft:torch":10,"minecraft:bowl":1,"minecraft:porkchop":3,"tombstone:grave_dust":18,"iceandfire:deathworm_chitin_white":4,"minecraft:rabbit_foot":5,"minecraft:dark_oak_planks":60,"minecraft:tnt":7,"minecraft:bamboo_block":1,"minecraft:arrow":6,"minecraft:rotten_flesh":42,"minecraft:beetroot_seeds":13,"iceandfire:chared_dirt":24,"minecraft:hay_block":48,"tombstone:essence_of_undeath":1,"supplementaries:ash":1,"minecraft:glow_berries":1,"minecraft:mutton":11,"minecraft:white_wool":10,"minecraft:cobblestone":48,"minecraft:pink_petals":1,"minecraft:jungle_boat":4,"minecraft:lilac":1,"minecraft:jungle_log":16,"minecraft:smoker":1,"minecraft:jungle_wood":3,"minecraft:black_bed":11,"minecraft:cut_sandstone":5,"minecraft:leather":4,"minecraft:jungle_fence":1,"minecraft:red_mushroom":22,"minecraft:potato":1,"paraglider:spirit_orb":16,"minecraft:mushroom_stew":4,"minecraft:smooth_sandstone_stairs":2,"minecraft:lily_pad":9,"minecraft:gunpowder":4,"minecraft:dirt":46,"minecraft:blue_bed":4,"tombstone:gift":1,"minecraft:smooth_sandstone":2,"minecraft:bone":8,"minecraft:acacia_planks":1,"minecraft:kelp":1,"minecraft:bow":3,"minecraft:wheat_seeds":7,"minecraft:rabbit_hide":10,"minecraft:stone_pickaxe":1,"tombstone:bag_of_seeds":1,"minecraft:rabbit":12,"minecraft:iron_sword":3,"minecraft:flowering_azalea":1,"minecraft:sweet_berries":42,"iceandfire:ash":7,"minecraft:jungle_planks":1,"minecraft:spyglass":1,"iceandfire:dragon_skull_fire":1,"minecraft:sand":24,"minecraft:spruce_sapling":1,"minecraft:spruce_log":20,"minecraft:chiseled_sandstone":3,"minecraft:dark_oak_log":14,"minecraft:spider_eye":3,"minecraft:dark_prismarine":1,"minecraft:oak_wood":5,"minecraft:spruce_boat":2,"minecraft:stone_axe":2,"minecraft:spruce_sign":1,"minecraft:emerald":2,"minecraft:gray_wool":1,"minecraft:bread":1,"minecraft:chainmail_helmet":1,"minecraft:chiseled_red_sandstone":1,"tombstone:magic_scroll":1,"minecraft:black_wool":2,"minecraft:coal":82,"iceandfire:raw_silver":4},"minecraft:mined":{"minecraft:dark_oak_planks":19,"minecraft:dark_prismarine":2,"iceandfire:silver_ore":4,"minecraft:chiseled_red_sandstone":2,"minecraft:jungle_leaves":3,"minecraft:dark_oak_log":14,"minecraft:glow_lichen":1,"minecraft:jungle_log":15,"minecraft:brown_mushroom_block":4,"minecraft:spruce_leaves":1,"minecraft:bamboo_block":1,"minecraft:moss_block":9,"minecraft:red_mushroom":11,"minecraft:sandstone":10,"minecraft:horn_coral":1,"minecraft:spawner":9,"minecraft:large_fern":1,"minecraft:hay_block":48,"minecraft:furnace":6,"minecraft:fire":21,"minecraft:iron_ore":1,"minecraft:chiseled_sandstone":4,"minecraft:vine":1,"minecraft:smooth_sandstone_stairs":3,"minecraft:stone":38,"minecraft:white_wool":12,"minecraft:sandstone_slab":1,"minecraft:cut_sandstone":6,"minecraft:smoker":1,"minecraft:brown_mushroom":30,"ecologics:pot":1,"farmersdelight:organic_compost":1,"minecraft:orange_terracotta":1,"minecraft:clay":1,"minecraft:smooth_sandstone":2,"minecraft:crafting_table":14,"minecraft:torch":1,"minecraft:potted_jungle_sapling":1,"minecraft:oak_wood":6,"minecraft:calcite":1,"spelunkers_charm:dead_grass":1,"minecraft:dead_bush":2,"minecraft:campfire":7,"minecraft:mushroom_stem":25,"minecraft:copper_ore":5,"minecraft:cobblestone":23,"minecraft:lily_pad":1,"minecraft:sugar_cane":22,"minecraft:blue_bed":4,"minecraft:smooth_sandstone_slab":1,"minecraft:wall_torch":2,"minecraft:amethyst_block":3,"minecraft:prismarine_bricks":2,"minecraft:coarse_dirt":32,"minecraft:blue_terracotta":1,"minecraft:prismarine_brick_slab":1,"minecraft:sweet_berry_bush":17,"minecraft:magenta_bed":2,"minecraft:spruce_log":21,"iceandfire:ash":5,"minecraft:jungle_fence":1,"minecraft:tnt":9,"minecraft:black_bed":11,"minecraft:grass":13,"minecraft:coal_ore":85,"minecraft:dirt":22,"minecraft:sand":12,"minecraft:sandstone_wall":1,"minecraft:cobweb":4,"minecraft:acacia_planks":2,"minecraft:red_mushroom_block":9,"minecraft:small_dripleaf":4,"minecraft:fern":2,"minecraft:gray_candle":1},"minecraft:broken":{"aether:golden_gloves":1,"minecraft:iron_chestplate":1,"minecraft:iron_leggings":1,"minecraft:shield":2,"minecraft:stone_axe":2,"minecraft:iron_sword":1,"minecraft:iron_helmet":2}},"DataVersion":3465}