{"stats":{"minecraft:custom":{"minecraft:interact_with_anvil":1,"minecraft:mob_kills":104,"minecraft:interact_with_crafting_table":38,"minecraft:open_barrel":27,"minecraft:damage_dealt_resisted":411,"minecraft:leave_game":2,"minecraft:time_since_death":54489,"minecraft:climb_one_cm":19538,"minecraft:sprint_one_cm":645244,"minecraft:walk_one_cm":1021317,"minecraft:damage_blocked_by_shield":3735,"minecraft:drop":100,"minecraft:talked_to_villager":4,"minecraft:play_time":287614,"minecraft:deaths":24,"minecraft:sneak_time":4321,"minecraft:walk_under_water_one_cm":26804,"minecraft:boat_one_cm":92171,"tombstone:tomb_raiding":2,"minecraft:jump":2341,"minecraft:walk_on_water_one_cm":19636,"minecraft:total_world_time":287614,"minecraft:interact_with_furnace":27,"tombstone:raider_killed":16,"minecraft:interact_with_grindstone":1,"minecraft:sleep_in_bed":15,"minecraft:time_since_rest":22370,"minecraft:open_enderchest":5,"minecraft:damage_taken":14775,"minecraft:trigger_trapped_chest":3,"minecraft:damage_dealt":16921,"tombstone:cast_on_ally":2,"minecraft:swim_one_cm":78219,"minecraft:fly_one_cm":268304,"minecraft:player_kills":2,"minecraft:open_chest":151,"minecraft:crouch_one_cm":7381,"tombstone:undead_killed":48,"minecraft:fall_one_cm":45234},"minecraft:crafted":{"minecraft:stone_shovel":1,"minecraft:furnace":2,"minecraft:mushroom_stew":6,"minecraft:cooked_mutton":9,"minecraft:bow":1,"minecraft:iron_boots":1,"minecraft:iron_axe":1,"minecraft:stone_pickaxe":2,"minecraft:spruce_boat":1,"backpacked:backpack":1,"minecraft:dark_oak_planks":56,"minecraft:cooked_rabbit":2,"minecraft:wheat":407,"minecraft:cooked_beef":1,"paraglider:paraglider":1,"iceandfire:silver_ingot":4,"minecraft:cooked_porkchop":3,"minecraft:crafting_table":3,"minecraft:spruce_planks":68,"minecraft:jungle_boat":1,"minecraft:iron_helmet":1,"minecraft:wooden_pickaxe":1,"minecraft:cooked_salmon":2,"minecraft:bucket":1,"minecraft:stone_axe":2,"minecraft:bread":144,"minecraft:air":0,"minecraft:jungle_planks":60,"minecraft:jungle_door":9,"minecraft:iron_chestplate":1,"minecraft:stick":40,"minecraft:iron_ingot":30,"minecraft:wooden_axe":2,"minecraft:iron_leggings":1,"minecraft:torch":88},"minecraft:dropped":{"minecraft:enchanted_book":2,"minecraft:bread":8,"minecraft:iron_sword":1,"minecraft:brown_mushroom":8,"minecraft:wheat_seeds":3,"minecraft:lapis_lazuli":2,"minecraft:lilac":1,"minecraft:jungle_fence":1,"minecraft:cobblestone":19,"minecraft:glow_berries":1,"minecraft:copper_ingot":16,"minecraft:chainmail_helmet":1,"minecraft:coal":9,"minecraft:sentry_armor_trim_smithing_template":2,"minecraft:red_mushroom":8,"paraglider:spirit_orb":1,"minecraft:dirt":3,"tombstone:bag_of_seeds":1,"minecraft:gray_wool":1,"minecraft:torch":5,"tombstone:grave_key":3,"minecraft:mutton":2,"minecraft:wooden_axe":2,"minecraft:rabbit":5,"minecraft:jungle_door":5,"artifacts:charm_of_sinking":1,"minecraft:gold_nugget":1,"minecraft:sand":10,"minecraft:iron_pickaxe":1,"minecraft:dark_oak_planks":42,"minecraft:acacia_planks":1,"iceandfire:dragon_skull_fire":1,"iceandfire:dragonbone":10,"minecraft:bone":7,"minecraft:stone_axe":1,"minecraft:moss_carpet":2,"minecraft:coarse_dirt":32,"minecraft:stone_sword":1,"minecraft:raw_copper":16,"minecraft:wheat":3,"minecraft:rotten_flesh":23,"minecraft:iron_boots":1,"minecraft:rabbit_foot":2,"minecraft:rabbit_hide":2,"supplementaries:ash":1,"minecraft:hay_block":2,"minecraft:oak_wood":5,"minecraft:spruce_planks":90,"minecraft:spider_eye":3,"minecraft:bow":1,"minecraft:arrow":5,"minecraft:stone_pickaxe":3,"minecraft:wooden_pickaxe":1,"minecraft:cooked_rabbit":2,"minecraft:black_wool":2},"minecraft:used":{"minecraft:moss_carpet":1,"minecraft:iron_shovel":10,"minecraft:shield":58,"minecraft:iron_sword":383,"minecraft:cooked_salmon":2,"minecraft:torch":39,"minecraft:dirt":78,"minecraft:spyglass":56,"minecraft:dark_oak_planks":39,"minecraft:wooden_axe":8,"minecraft:spruce_boat":1,"minecraft:iron_axe":78,"minecraft:bow":17,"minecraft:goat_horn":3,"minecraft:sweet_berries":48,"minecraft:furnace":7,"tombstone:gift":8,"minecraft:cooked_beef":5,"minecraft:water_bucket":6,"minecraft:cooked_mutton":9,"tombstone:scroll_of_knowledge":1,"minecraft:stone_pickaxe":110,"minecraft:wooden_pickaxe":17,"minecraft:blue_bed":3,"minecraft:jungle_boat":1,"minecraft:sand":1,"tombstone:scroll_of_feather_fall":1,"minecraft:crafting_table":13,"minecraft:mushroom_stew":9,"minecraft:black_bed":9,"minecraft:iron_pickaxe":100,"minecraft:bread":95,"tombstone:grave_key":1,"minecraft:stone_axe":257,"minecraft:cooked_porkchop":3,"minecraft:jungle_door":1,"minecraft:bucket":7,"minecraft:experience_bottle":3},"minecraft:killed":{"minecraft:cave_spider":2,"minecraft:vindicator":4,"minecraft:spider":2,"minecraft:skeleton":5,"minecraft:horse":2,"iceandfire:deathworm":4,"artifacts:mimic":1,"minecraft:husk":6,"minecraft:pig":1,"minecraft:rabbit":16,"minecraft:creeper":1,"minecraft:sheep":6,"minecraft:pillager":12,"minecraft:zombie":37,"minecraft:cow":1},"minecraft:picked_up":{"minecraft:coarse_dirt":32,"minecraft:charcoal":26,"minecraft:crafting_table":11,"minecraft:wheat":9,"minecraft:sentry_armor_trim_smithing_template":2,"minecraft:brown_mushroom":32,"minecraft:enchanted_book":2,"tombstone:grave_key":1,"minecraft:shield":2,"minecraft:string":4,"minecraft:moss_carpet":6,"minecraft:raw_copper":16,"minecraft:gold_nugget":1,"minecraft:spruce_planks":45,"minecraft:beef":1,"minecraft:iron_pickaxe":1,"minecraft:sugar_cane":57,"minecraft:iron_boots":1,"minecraft:furnace":5,"minecraft:stick":4,"minecraft:raw_iron":1,"iceandfire:dragonbone":10,"minecraft:jungle_door":1,"minecraft:copper_ingot":12,"iceandfire:deathworm_chitin_red":4,"minecraft:torch":10,"minecraft:bowl":1,"minecraft:porkchop":3,"tombstone:grave_dust":16,"iceandfire:deathworm_chitin_white":4,"minecraft:rabbit_foot":4,"minecraft:dark_oak_planks":60,"minecraft:tnt":7,"minecraft:arrow":5,"minecraft:rotten_flesh":39,"minecraft:beetroot_seeds":13,"minecraft:hay_block":48,"tombstone:essence_of_undeath":1,"minecraft:glow_berries":1,"minecraft:mutton":11,"minecraft:cobblestone":48,"minecraft:jungle_boat":1,"minecraft:lilac":1,"minecraft:jungle_log":15,"minecraft:smoker":1,"minecraft:jungle_wood":3,"minecraft:black_bed":10,"minecraft:cut_sandstone":5,"minecraft:leather":4,"minecraft:jungle_fence":1,"minecraft:red_mushroom":21,"minecraft:potato":1,"paraglider:spirit_orb":14,"minecraft:mushroom_stew":4,"minecraft:smooth_sandstone_stairs":2,"minecraft:gunpowder":4,"minecraft:dirt":46,"minecraft:blue_bed":3,"tombstone:gift":1,"minecraft:smooth_sandstone":2,"minecraft:bone":7,"minecraft:acacia_planks":1,"minecraft:kelp":1,"minecraft:bow":2,"minecraft:wheat_seeds":7,"minecraft:rabbit_hide":9,"minecraft:stone_pickaxe":1,"tombstone:bag_of_seeds":1,"minecraft:rabbit":11,"minecraft:iron_sword":2,"minecraft:flowering_azalea":1,"minecraft:sweet_berries":42,"minecraft:jungle_planks":1,"minecraft:spyglass":1,"iceandfire:dragon_skull_fire":1,"minecraft:sand":16,"minecraft:spruce_sapling":1,"minecraft:spruce_log":17,"minecraft:chiseled_sandstone":3,"minecraft:dark_oak_log":14,"minecraft:spider_eye":3,"minecraft:dark_prismarine":1,"minecraft:oak_wood":5,"minecraft:stone_axe":2,"minecraft:emerald":2,"minecraft:gray_wool":1,"minecraft:bread":1,"minecraft:chainmail_helmet":1,"minecraft:chiseled_red_sandstone":1,"tombstone:magic_scroll":1,"minecraft:black_wool":2,"minecraft:coal":82,"iceandfire:raw_silver":4},"minecraft:mined":{"minecraft:dark_oak_planks":19,"minecraft:dark_prismarine":2,"iceandfire:silver_ore":4,"minecraft:chiseled_red_sandstone":2,"minecraft:jungle_leaves":3,"minecraft:dark_oak_log":14,"minecraft:glow_lichen":1,"minecraft:jungle_log":15,"minecraft:brown_mushroom_block":4,"minecraft:moss_block":8,"minecraft:red_mushroom":11,"minecraft:sandstone":10,"minecraft:horn_coral":1,"minecraft:spawner":8,"minecraft:large_fern":1,"minecraft:hay_block":48,"minecraft:furnace":6,"minecraft:iron_ore":1,"minecraft:chiseled_sandstone":4,"minecraft:vine":1,"minecraft:smooth_sandstone_stairs":3,"minecraft:stone":38,"minecraft:sandstone_slab":1,"minecraft:cut_sandstone":6,"minecraft:smoker":1,"minecraft:brown_mushroom":30,"ecologics:pot":1,"farmersdelight:organic_compost":1,"minecraft:orange_terracotta":1,"minecraft:clay":1,"minecraft:smooth_sandstone":2,"minecraft:crafting_table":13,"minecraft:torch":1,"minecraft:potted_jungle_sapling":1,"minecraft:oak_wood":6,"minecraft:calcite":1,"spelunkers_charm:dead_grass":1,"minecraft:dead_bush":2,"minecraft:campfire":7,"minecraft:mushroom_stem":25,"minecraft:copper_ore":5,"minecraft:cobblestone":23,"minecraft:lily_pad":1,"minecraft:sugar_cane":22,"minecraft:blue_bed":3,"minecraft:smooth_sandstone_slab":1,"minecraft:wall_torch":2,"minecraft:amethyst_block":3,"minecraft:prismarine_bricks":2,"minecraft:coarse_dirt":32,"minecraft:blue_terracotta":1,"minecraft:prismarine_brick_slab":1,"minecraft:sweet_berry_bush":17,"minecraft:magenta_bed":2,"minecraft:spruce_log":18,"minecraft:jungle_fence":1,"minecraft:tnt":9,"minecraft:black_bed":10,"minecraft:grass":13,"minecraft:coal_ore":85,"minecraft:dirt":22,"minecraft:sand":7,"minecraft:sandstone_wall":1,"minecraft:cobweb":1,"minecraft:acacia_planks":2,"minecraft:red_mushroom_block":9,"minecraft:small_dripleaf":4,"minecraft:fern":2,"minecraft:gray_candle":1},"minecraft:broken":{"aether:golden_gloves":1,"minecraft:shield":1,"minecraft:stone_axe":2,"minecraft:iron_sword":1,"minecraft:iron_helmet":1}},"DataVersion":3465}